# Large Orange, Dual White Stripes
# WEMAS 307.610500.00.00
# Units: centimeters. Unreal Engine uses centimeters by default.
mtllib fsae_cones.mtl

v -14.25000 -14.25000 0.00000
v 14.25000 -14.25000 0.00000
v 14.25000 14.25000 0.00000
v -14.25000 14.25000 0.00000
v -12.95000 -12.95000 3.50000
v 12.95000 -12.95000 3.50000
v 12.95000 12.95000 3.50000
v -12.95000 12.95000 3.50000
v 11.13700 0.00000 3.50000
v 8.83500 0.00000 5.10000
v 11.08337 1.09162 3.50000
v 8.79246 0.86598 5.10000
v 10.92301 2.17272 3.50000
v 8.66524 1.72362 5.10000
v 10.65744 3.23290 3.50000
v 8.45457 2.56467 5.10000
v 10.28925 4.26195 3.50000
v 8.16248 3.38101 5.10000
v 9.82196 5.24995 3.50000
v 7.79177 4.16479 5.10000
v 9.26008 6.18739 3.50000
v 7.34603 4.90846 5.10000
v 8.60902 7.06524 3.50000
v 6.82955 5.60486 5.10000
v 7.87505 7.87505 3.50000
v 6.24729 6.24729 5.10000
v 7.06524 8.60902 3.50000
v 5.60486 6.82955 5.10000
v 6.18739 9.26008 3.50000
v 4.90846 7.34603 5.10000
v 5.24995 9.82196 3.50000
v 4.16479 7.79177 5.10000
v 4.26195 10.28925 3.50000
v 3.38101 8.16248 5.10000
v 3.23290 10.65744 3.50000
v 2.56467 8.45457 5.10000
v 2.17272 10.92301 3.50000
v 1.72362 8.66524 5.10000
v 1.09162 11.08337 3.50000
v 0.86598 8.79246 5.10000
v 0.00000 11.13700 3.50000
v 0.00000 8.83500 5.10000
v -1.09162 11.08337 3.50000
v -0.86598 8.79246 5.10000
v -2.17272 10.92301 3.50000
v -1.72362 8.66524 5.10000
v -3.23290 10.65744 3.50000
v -2.56467 8.45457 5.10000
v -4.26195 10.28925 3.50000
v -3.38101 8.16248 5.10000
v -5.24995 9.82196 3.50000
v -4.16479 7.79177 5.10000
v -6.18739 9.26008 3.50000
v -4.90846 7.34603 5.10000
v -7.06524 8.60902 3.50000
v -5.60486 6.82955 5.10000
v -7.87505 7.87505 3.50000
v -6.24729 6.24729 5.10000
v -8.60902 7.06524 3.50000
v -6.82955 5.60486 5.10000
v -9.26008 6.18739 3.50000
v -7.34603 4.90846 5.10000
v -9.82196 5.24995 3.50000
v -7.79177 4.16479 5.10000
v -10.28925 4.26195 3.50000
v -8.16248 3.38101 5.10000
v -10.65744 3.23290 3.50000
v -8.45457 2.56467 5.10000
v -10.92301 2.17272 3.50000
v -8.66524 1.72362 5.10000
v -11.08337 1.09162 3.50000
v -8.79246 0.86598 5.10000
v -11.13700 0.00000 3.50000
v -8.83500 0.00000 5.10000
v -11.08337 -1.09162 3.50000
v -8.79246 -0.86598 5.10000
v -10.92301 -2.17272 3.50000
v -8.66524 -1.72362 5.10000
v -10.65744 -3.23290 3.50000
v -8.45457 -2.56467 5.10000
v -10.28925 -4.26195 3.50000
v -8.16248 -3.38101 5.10000
v -9.82196 -5.24995 3.50000
v -7.79177 -4.16479 5.10000
v -9.26008 -6.18739 3.50000
v -7.34603 -4.90846 5.10000
v -8.60902 -7.06524 3.50000
v -6.82955 -5.60486 5.10000
v -7.87505 -7.87505 3.50000
v -6.24729 -6.24729 5.10000
v -7.06524 -8.60902 3.50000
v -5.60486 -6.82955 5.10000
v -6.18739 -9.26008 3.50000
v -4.90846 -7.34603 5.10000
v -5.24995 -9.82196 3.50000
v -4.16479 -7.79177 5.10000
v -4.26195 -10.28925 3.50000
v -3.38101 -8.16248 5.10000
v -3.23290 -10.65744 3.50000
v -2.56467 -8.45457 5.10000
v -2.17272 -10.92301 3.50000
v -1.72362 -8.66524 5.10000
v -1.09162 -11.08337 3.50000
v -0.86598 -8.79246 5.10000
v -0.00000 -11.13700 3.50000
v -0.00000 -8.83500 5.10000
v 1.09162 -11.08337 3.50000
v 0.86598 -8.79246 5.10000
v 2.17272 -10.92301 3.50000
v 1.72362 -8.66524 5.10000
v 3.23290 -10.65744 3.50000
v 2.56467 -8.45457 5.10000
v 4.26195 -10.28925 3.50000
v 3.38101 -8.16248 5.10000
v 5.24995 -9.82196 3.50000
v 4.16479 -7.79177 5.10000
v 6.18739 -9.26008 3.50000
v 4.90846 -7.34603 5.10000
v 7.06524 -8.60902 3.50000
v 5.60486 -6.82955 5.10000
v 7.87505 -7.87505 3.50000
v 6.24729 -6.24729 5.10000
v 8.60902 -7.06524 3.50000
v 6.82955 -5.60486 5.10000
v 9.26008 -6.18739 3.50000
v 7.34603 -4.90846 5.10000
v 9.82196 -5.24995 3.50000
v 7.79177 -4.16479 5.10000
v 10.28925 -4.26195 3.50000
v 8.16248 -3.38101 5.10000
v 10.65744 -3.23290 3.50000
v 8.45457 -2.56467 5.10000
v 10.92301 -2.17272 3.50000
v 8.66524 -1.72362 5.10000
v 11.08337 -1.09162 3.50000
v 8.79246 -0.86598 5.10000
v 8.83500 0.00000 5.10000
v 8.79246 0.86598 5.10000
v 8.66524 1.72362 5.10000
v 8.45457 2.56467 5.10000
v 8.16248 3.38101 5.10000
v 7.79177 4.16479 5.10000
v 7.34603 4.90846 5.10000
v 6.82955 5.60486 5.10000
v 6.24729 6.24729 5.10000
v 5.60486 6.82955 5.10000
v 4.90846 7.34603 5.10000
v 4.16479 7.79177 5.10000
v 3.38101 8.16248 5.10000
v 2.56467 8.45457 5.10000
v 1.72362 8.66524 5.10000
v 0.86598 8.79246 5.10000
v 0.00000 8.83500 5.10000
v -0.86598 8.79246 5.10000
v -1.72362 8.66524 5.10000
v -2.56467 8.45457 5.10000
v -3.38101 8.16248 5.10000
v -4.16479 7.79177 5.10000
v -4.90846 7.34603 5.10000
v -5.60486 6.82955 5.10000
v -6.24729 6.24729 5.10000
v -6.82955 5.60486 5.10000
v -7.34603 4.90846 5.10000
v -7.79177 4.16479 5.10000
v -8.16248 3.38101 5.10000
v -8.45457 2.56467 5.10000
v -8.66524 1.72362 5.10000
v -8.79246 0.86598 5.10000
v -8.83500 0.00000 5.10000
v -8.79246 -0.86598 5.10000
v -8.66524 -1.72362 5.10000
v -8.45457 -2.56467 5.10000
v -8.16248 -3.38101 5.10000
v -7.79177 -4.16479 5.10000
v -7.34603 -4.90846 5.10000
v -6.82955 -5.60486 5.10000
v -6.24729 -6.24729 5.10000
v -5.60486 -6.82955 5.10000
v -4.90846 -7.34603 5.10000
v -4.16479 -7.79177 5.10000
v -3.38101 -8.16248 5.10000
v -2.56467 -8.45457 5.10000
v -1.72362 -8.66524 5.10000
v -0.86598 -8.79246 5.10000
v -0.00000 -8.83500 5.10000
v 0.86598 -8.79246 5.10000
v 1.72362 -8.66524 5.10000
v 2.56467 -8.45457 5.10000
v 3.38101 -8.16248 5.10000
v 4.16479 -7.79177 5.10000
v 4.90846 -7.34603 5.10000
v 5.60486 -6.82955 5.10000
v 6.24729 -6.24729 5.10000
v 6.82955 -5.60486 5.10000
v 7.34603 -4.90846 5.10000
v 7.79177 -4.16479 5.10000
v 8.16248 -3.38101 5.10000
v 8.45457 -2.56467 5.10000
v 8.66524 -1.72362 5.10000
v 8.79246 -0.86598 5.10000
v 7.79679 0.00000 11.58571
v 7.75924 0.76422 11.58571
v 7.64697 1.52108 11.58571
v 7.46106 2.26329 11.58571
v 7.20329 2.98370 11.58571
v 6.87615 3.67538 11.58571
v 6.48279 4.33166 11.58571
v 6.02700 4.94623 11.58571
v 5.51316 5.51316 11.58571
v 4.94623 6.02700 11.58571
v 4.33166 6.48279 11.58571
v 3.67538 6.87615 11.58571
v 2.98370 7.20329 11.58571
v 2.26329 7.46106 11.58571
v 1.52108 7.64697 11.58571
v 0.76422 7.75924 11.58571
v 0.00000 7.79679 11.58571
v -0.76422 7.75924 11.58571
v -1.52108 7.64697 11.58571
v -2.26329 7.46106 11.58571
v -2.98370 7.20329 11.58571
v -3.67538 6.87615 11.58571
v -4.33166 6.48279 11.58571
v -4.94623 6.02700 11.58571
v -5.51316 5.51316 11.58571
v -6.02700 4.94623 11.58571
v -6.48279 4.33166 11.58571
v -6.87615 3.67538 11.58571
v -7.20329 2.98370 11.58571
v -7.46106 2.26329 11.58571
v -7.64697 1.52108 11.58571
v -7.75924 0.76422 11.58571
v -7.79679 0.00000 11.58571
v -7.75924 -0.76422 11.58571
v -7.64697 -1.52108 11.58571
v -7.46106 -2.26329 11.58571
v -7.20329 -2.98370 11.58571
v -6.87615 -3.67538 11.58571
v -6.48279 -4.33166 11.58571
v -6.02700 -4.94623 11.58571
v -5.51316 -5.51316 11.58571
v -4.94623 -6.02700 11.58571
v -4.33166 -6.48279 11.58571
v -3.67538 -6.87615 11.58571
v -2.98370 -7.20329 11.58571
v -2.26329 -7.46106 11.58571
v -1.52108 -7.64697 11.58571
v -0.76422 -7.75924 11.58571
v -0.00000 -7.79679 11.58571
v 0.76422 -7.75924 11.58571
v 1.52108 -7.64697 11.58571
v 2.26329 -7.46106 11.58571
v 2.98370 -7.20329 11.58571
v 3.67538 -6.87615 11.58571
v 4.33166 -6.48279 11.58571
v 4.94623 -6.02700 11.58571
v 5.51316 -5.51316 11.58571
v 6.02700 -4.94623 11.58571
v 6.48279 -4.33166 11.58571
v 6.87615 -3.67538 11.58571
v 7.20329 -2.98370 11.58571
v 7.46106 -2.26329 11.58571
v 7.64697 -1.52108 11.58571
v 7.75924 -0.76422 11.58571
v 6.77001 0.00000 18.00000
v 6.73741 0.66358 18.00000
v 6.63992 1.32076 18.00000
v 6.47849 1.96523 18.00000
v 6.25467 2.59077 18.00000
v 5.97061 3.19136 18.00000
v 5.62905 3.76121 18.00000
v 5.23329 4.29485 18.00000
v 4.78712 4.78712 18.00000
v 4.29485 5.23329 18.00000
v 3.76121 5.62905 18.00000
v 3.19136 5.97061 18.00000
v 2.59077 6.25467 18.00000
v 1.96523 6.47849 18.00000
v 1.32076 6.63992 18.00000
v 0.66358 6.73741 18.00000
v 0.00000 6.77001 18.00000
v -0.66358 6.73741 18.00000
v -1.32076 6.63992 18.00000
v -1.96523 6.47849 18.00000
v -2.59077 6.25467 18.00000
v -3.19136 5.97061 18.00000
v -3.76121 5.62905 18.00000
v -4.29485 5.23329 18.00000
v -4.78712 4.78712 18.00000
v -5.23329 4.29485 18.00000
v -5.62905 3.76121 18.00000
v -5.97061 3.19136 18.00000
v -6.25467 2.59077 18.00000
v -6.47849 1.96523 18.00000
v -6.63992 1.32076 18.00000
v -6.73741 0.66358 18.00000
v -6.77001 0.00000 18.00000
v -6.73741 -0.66358 18.00000
v -6.63992 -1.32076 18.00000
v -6.47849 -1.96523 18.00000
v -6.25467 -2.59077 18.00000
v -5.97061 -3.19136 18.00000
v -5.62905 -3.76121 18.00000
v -5.23329 -4.29485 18.00000
v -4.78712 -4.78712 18.00000
v -4.29485 -5.23329 18.00000
v -3.76121 -5.62905 18.00000
v -3.19136 -5.97061 18.00000
v -2.59077 -6.25467 18.00000
v -1.96523 -6.47849 18.00000
v -1.32076 -6.63992 18.00000
v -0.66358 -6.73741 18.00000
v -0.00000 -6.77001 18.00000
v 0.66358 -6.73741 18.00000
v 1.32076 -6.63992 18.00000
v 1.96523 -6.47849 18.00000
v 2.59077 -6.25467 18.00000
v 3.19136 -5.97061 18.00000
v 3.76121 -5.62905 18.00000
v 4.29485 -5.23329 18.00000
v 4.78712 -4.78712 18.00000
v 5.23329 -4.29485 18.00000
v 5.62905 -3.76121 18.00000
v 5.97061 -3.19136 18.00000
v 6.25467 -2.59077 18.00000
v 6.47849 -1.96523 18.00000
v 6.63992 -1.32076 18.00000
v 6.73741 -0.66358 18.00000
v 6.75857 0.00000 18.07143
v 6.72603 0.66246 18.07143
v 6.62871 1.31853 18.07143
v 6.46755 1.96191 18.07143
v 6.24411 2.58639 18.07143
v 5.96053 3.18597 18.07143
v 5.61955 3.75486 18.07143
v 5.22445 4.28759 18.07143
v 4.77903 4.77903 18.07143
v 4.28759 5.22445 18.07143
v 3.75486 5.61955 18.07143
v 3.18597 5.96053 18.07143
v 2.58639 6.24411 18.07143
v 1.96191 6.46755 18.07143
v 1.31853 6.62871 18.07143
v 0.66246 6.72603 18.07143
v 0.00000 6.75857 18.07143
v -0.66246 6.72603 18.07143
v -1.31853 6.62871 18.07143
v -1.96191 6.46755 18.07143
v -2.58639 6.24411 18.07143
v -3.18597 5.96053 18.07143
v -3.75486 5.61955 18.07143
v -4.28759 5.22445 18.07143
v -4.77903 4.77903 18.07143
v -5.22445 4.28759 18.07143
v -5.61955 3.75486 18.07143
v -5.96053 3.18597 18.07143
v -6.24411 2.58639 18.07143
v -6.46755 1.96191 18.07143
v -6.62871 1.31853 18.07143
v -6.72603 0.66246 18.07143
v -6.75857 0.00000 18.07143
v -6.72603 -0.66246 18.07143
v -6.62871 -1.31853 18.07143
v -6.46755 -1.96191 18.07143
v -6.24411 -2.58639 18.07143
v -5.96053 -3.18597 18.07143
v -5.61955 -3.75486 18.07143
v -5.22445 -4.28759 18.07143
v -4.77903 -4.77903 18.07143
v -4.28759 -5.22445 18.07143
v -3.75486 -5.61955 18.07143
v -3.18597 -5.96053 18.07143
v -2.58639 -6.24411 18.07143
v -1.96191 -6.46755 18.07143
v -1.31853 -6.62871 18.07143
v -0.66246 -6.72603 18.07143
v -0.00000 -6.75857 18.07143
v 0.66246 -6.72603 18.07143
v 1.31853 -6.62871 18.07143
v 1.96191 -6.46755 18.07143
v 2.58639 -6.24411 18.07143
v 3.18597 -5.96053 18.07143
v 3.75486 -5.61955 18.07143
v 4.28759 -5.22445 18.07143
v 4.77903 -4.77903 18.07143
v 5.22445 -4.28759 18.07143
v 5.61955 -3.75486 18.07143
v 5.96053 -3.18597 18.07143
v 6.24411 -2.58639 18.07143
v 6.46755 -1.96191 18.07143
v 6.62871 -1.31853 18.07143
v 6.72603 -0.66246 18.07143
v 5.80954 0.00000 24.00000
v 5.78157 0.56943 24.00000
v 5.69791 1.13339 24.00000
v 5.55939 1.68642 24.00000
v 5.36732 2.22322 24.00000
v 5.12356 2.73860 24.00000
v 4.83046 3.22761 24.00000
v 4.49084 3.68554 24.00000
v 4.10797 4.10797 24.00000
v 3.68554 4.49084 24.00000
v 3.22761 4.83046 24.00000
v 2.73860 5.12356 24.00000
v 2.22322 5.36732 24.00000
v 1.68642 5.55939 24.00000
v 1.13339 5.69791 24.00000
v 0.56943 5.78157 24.00000
v 0.00000 5.80954 24.00000
v -0.56943 5.78157 24.00000
v -1.13339 5.69791 24.00000
v -1.68642 5.55939 24.00000
v -2.22322 5.36732 24.00000
v -2.73860 5.12356 24.00000
v -3.22761 4.83046 24.00000
v -3.68554 4.49084 24.00000
v -4.10797 4.10797 24.00000
v -4.49084 3.68554 24.00000
v -4.83046 3.22761 24.00000
v -5.12356 2.73860 24.00000
v -5.36732 2.22322 24.00000
v -5.55939 1.68642 24.00000
v -5.69791 1.13339 24.00000
v -5.78157 0.56943 24.00000
v -5.80954 0.00000 24.00000
v -5.78157 -0.56943 24.00000
v -5.69791 -1.13339 24.00000
v -5.55939 -1.68642 24.00000
v -5.36732 -2.22322 24.00000
v -5.12356 -2.73860 24.00000
v -4.83046 -3.22761 24.00000
v -4.49084 -3.68554 24.00000
v -4.10797 -4.10797 24.00000
v -3.68554 -4.49084 24.00000
v -3.22761 -4.83046 24.00000
v -2.73860 -5.12356 24.00000
v -2.22322 -5.36732 24.00000
v -1.68642 -5.55939 24.00000
v -1.13339 -5.69791 24.00000
v -0.56943 -5.78157 24.00000
v -0.00000 -5.80954 24.00000
v 0.56943 -5.78157 24.00000
v 1.13339 -5.69791 24.00000
v 1.68642 -5.55939 24.00000
v 2.22322 -5.36732 24.00000
v 2.73860 -5.12356 24.00000
v 3.22761 -4.83046 24.00000
v 3.68554 -4.49084 24.00000
v 4.10797 -4.10797 24.00000
v 4.49084 -3.68554 24.00000
v 4.83046 -3.22761 24.00000
v 5.12356 -2.73860 24.00000
v 5.36732 -2.22322 24.00000
v 5.55939 -1.68642 24.00000
v 5.69791 -1.13339 24.00000
v 5.78157 -0.56943 24.00000
v 5.72036 0.00000 24.55714
v 5.69281 0.56069 24.55714
v 5.61044 1.11599 24.55714
v 5.47404 1.66053 24.55714
v 5.28492 2.18909 24.55714
v 5.04490 2.69656 24.55714
v 4.75630 3.17806 24.55714
v 4.42190 3.62896 24.55714
v 4.04490 4.04490 24.55714
v 3.62896 4.42190 24.55714
v 3.17806 4.75630 24.55714
v 2.69656 5.04490 24.55714
v 2.18909 5.28492 24.55714
v 1.66053 5.47404 24.55714
v 1.11599 5.61044 24.55714
v 0.56069 5.69281 24.55714
v 0.00000 5.72036 24.55714
v -0.56069 5.69281 24.55714
v -1.11599 5.61044 24.55714
v -1.66053 5.47404 24.55714
v -2.18909 5.28492 24.55714
v -2.69656 5.04490 24.55714
v -3.17806 4.75630 24.55714
v -3.62896 4.42190 24.55714
v -4.04490 4.04490 24.55714
v -4.42190 3.62896 24.55714
v -4.75630 3.17806 24.55714
v -5.04490 2.69656 24.55714
v -5.28492 2.18909 24.55714
v -5.47404 1.66053 24.55714
v -5.61044 1.11599 24.55714
v -5.69281 0.56069 24.55714
v -5.72036 0.00000 24.55714
v -5.69281 -0.56069 24.55714
v -5.61044 -1.11599 24.55714
v -5.47404 -1.66053 24.55714
v -5.28492 -2.18909 24.55714
v -5.04490 -2.69656 24.55714
v -4.75630 -3.17806 24.55714
v -4.42190 -3.62896 24.55714
v -4.04490 -4.04490 24.55714
v -3.62896 -4.42190 24.55714
v -3.17806 -4.75630 24.55714
v -2.69656 -5.04490 24.55714
v -2.18909 -5.28492 24.55714
v -1.66053 -5.47404 24.55714
v -1.11599 -5.61044 24.55714
v -0.56069 -5.69281 24.55714
v -0.00000 -5.72036 24.55714
v 0.56069 -5.69281 24.55714
v 1.11599 -5.61044 24.55714
v 1.66053 -5.47404 24.55714
v 2.18909 -5.28492 24.55714
v 2.69656 -5.04490 24.55714
v 3.17806 -4.75630 24.55714
v 3.62896 -4.42190 24.55714
v 4.04490 -4.04490 24.55714
v 4.42190 -3.62896 24.55714
v 4.75630 -3.17806 24.55714
v 5.04490 -2.69656 24.55714
v 5.28492 -2.18909 24.55714
v 5.47404 -1.66053 24.55714
v 5.61044 -1.11599 24.55714
v 5.69281 -0.56069 24.55714
v 4.68900 0.00000 31.00000
v 4.66642 0.45960 31.00000
v 4.59891 0.91478 31.00000
v 4.48710 1.36115 31.00000
v 4.33207 1.79440 31.00000
v 4.13533 2.21038 31.00000
v 3.89876 2.60507 31.00000
v 3.62465 2.97467 31.00000
v 3.31563 3.31563 31.00000
v 2.97467 3.62465 31.00000
v 2.60507 3.89876 31.00000
v 2.21038 4.13533 31.00000
v 1.79440 4.33207 31.00000
v 1.36115 4.48710 31.00000
v 0.91478 4.59891 31.00000
v 0.45960 4.66642 31.00000
v 0.00000 4.68900 31.00000
v -0.45960 4.66642 31.00000
v -0.91478 4.59891 31.00000
v -1.36115 4.48710 31.00000
v -1.79440 4.33207 31.00000
v -2.21038 4.13533 31.00000
v -2.60507 3.89876 31.00000
v -2.97467 3.62465 31.00000
v -3.31563 3.31563 31.00000
v -3.62465 2.97467 31.00000
v -3.89876 2.60507 31.00000
v -4.13533 2.21038 31.00000
v -4.33207 1.79440 31.00000
v -4.48710 1.36115 31.00000
v -4.59891 0.91478 31.00000
v -4.66642 0.45960 31.00000
v -4.68900 0.00000 31.00000
v -4.66642 -0.45960 31.00000
v -4.59891 -0.91478 31.00000
v -4.48710 -1.36115 31.00000
v -4.33207 -1.79440 31.00000
v -4.13533 -2.21038 31.00000
v -3.89876 -2.60507 31.00000
v -3.62465 -2.97467 31.00000
v -3.31563 -3.31563 31.00000
v -2.97467 -3.62465 31.00000
v -2.60507 -3.89876 31.00000
v -2.21038 -4.13533 31.00000
v -1.79440 -4.33207 31.00000
v -1.36115 -4.48710 31.00000
v -0.91478 -4.59891 31.00000
v -0.45960 -4.66642 31.00000
v -0.00000 -4.68900 31.00000
v 0.45960 -4.66642 31.00000
v 0.91478 -4.59891 31.00000
v 1.36115 -4.48710 31.00000
v 1.79440 -4.33207 31.00000
v 2.21038 -4.13533 31.00000
v 2.60507 -3.89876 31.00000
v 2.97467 -3.62465 31.00000
v 3.31563 -3.31563 31.00000
v 3.62465 -2.97467 31.00000
v 3.89876 -2.60507 31.00000
v 4.13533 -2.21038 31.00000
v 4.33207 -1.79440 31.00000
v 4.48710 -1.36115 31.00000
v 4.59891 -0.91478 31.00000
v 4.66642 -0.45960 31.00000
v 4.68214 0.00000 31.04286
v 4.65960 0.45893 31.04286
v 4.59218 0.91344 31.04286
v 4.48053 1.35915 31.04286
v 4.32574 1.79178 31.04286
v 4.12928 2.20715 31.04286
v 3.89306 2.60126 31.04286
v 3.61935 2.97032 31.04286
v 3.31077 3.31077 31.04286
v 2.97032 3.61935 31.04286
v 2.60126 3.89306 31.04286
v 2.20715 4.12928 31.04286
v 1.79178 4.32574 31.04286
v 1.35915 4.48053 31.04286
v 0.91344 4.59218 31.04286
v 0.45893 4.65960 31.04286
v 0.00000 4.68214 31.04286
v -0.45893 4.65960 31.04286
v -0.91344 4.59218 31.04286
v -1.35915 4.48053 31.04286
v -1.79178 4.32574 31.04286
v -2.20715 4.12928 31.04286
v -2.60126 3.89306 31.04286
v -2.97032 3.61935 31.04286
v -3.31077 3.31077 31.04286
v -3.61935 2.97032 31.04286
v -3.89306 2.60126 31.04286
v -4.12928 2.20715 31.04286
v -4.32574 1.79178 31.04286
v -4.48053 1.35915 31.04286
v -4.59218 0.91344 31.04286
v -4.65960 0.45893 31.04286
v -4.68214 0.00000 31.04286
v -4.65960 -0.45893 31.04286
v -4.59218 -0.91344 31.04286
v -4.48053 -1.35915 31.04286
v -4.32574 -1.79178 31.04286
v -4.12928 -2.20715 31.04286
v -3.89306 -2.60126 31.04286
v -3.61935 -2.97032 31.04286
v -3.31077 -3.31077 31.04286
v -2.97032 -3.61935 31.04286
v -2.60126 -3.89306 31.04286
v -2.20715 -4.12928 31.04286
v -1.79178 -4.32574 31.04286
v -1.35915 -4.48053 31.04286
v -0.91344 -4.59218 31.04286
v -0.45893 -4.65960 31.04286
v -0.00000 -4.68214 31.04286
v 0.45893 -4.65960 31.04286
v 0.91344 -4.59218 31.04286
v 1.35915 -4.48053 31.04286
v 1.79178 -4.32574 31.04286
v 2.20715 -4.12928 31.04286
v 2.60126 -3.89306 31.04286
v 2.97032 -3.61935 31.04286
v 3.31077 -3.31077 31.04286
v 3.61935 -2.97032 31.04286
v 3.89306 -2.60126 31.04286
v 4.12928 -2.20715 31.04286
v 4.32574 -1.79178 31.04286
v 4.48053 -1.35915 31.04286
v 4.59218 -0.91344 31.04286
v 4.65960 -0.45893 31.04286
v 3.72854 0.00000 37.00000
v 3.71059 0.36546 37.00000
v 3.65690 0.72740 37.00000
v 3.56799 1.08234 37.00000
v 3.44472 1.42685 37.00000
v 3.28828 1.75762 37.00000
v 3.10017 2.07147 37.00000
v 2.88220 2.36536 37.00000
v 2.63648 2.63648 37.00000
v 2.36536 2.88220 37.00000
v 2.07147 3.10017 37.00000
v 1.75762 3.28828 37.00000
v 1.42685 3.44472 37.00000
v 1.08234 3.56799 37.00000
v 0.72740 3.65690 37.00000
v 0.36546 3.71059 37.00000
v 0.00000 3.72854 37.00000
v -0.36546 3.71059 37.00000
v -0.72740 3.65690 37.00000
v -1.08234 3.56799 37.00000
v -1.42685 3.44472 37.00000
v -1.75762 3.28828 37.00000
v -2.07147 3.10017 37.00000
v -2.36536 2.88220 37.00000
v -2.63648 2.63648 37.00000
v -2.88220 2.36536 37.00000
v -3.10017 2.07147 37.00000
v -3.28828 1.75762 37.00000
v -3.44472 1.42685 37.00000
v -3.56799 1.08234 37.00000
v -3.65690 0.72740 37.00000
v -3.71059 0.36546 37.00000
v -3.72854 0.00000 37.00000
v -3.71059 -0.36546 37.00000
v -3.65690 -0.72740 37.00000
v -3.56799 -1.08234 37.00000
v -3.44472 -1.42685 37.00000
v -3.28828 -1.75762 37.00000
v -3.10017 -2.07147 37.00000
v -2.88220 -2.36536 37.00000
v -2.63648 -2.63648 37.00000
v -2.36536 -2.88220 37.00000
v -2.07147 -3.10017 37.00000
v -1.75762 -3.28828 37.00000
v -1.42685 -3.44472 37.00000
v -1.08234 -3.56799 37.00000
v -0.72740 -3.65690 37.00000
v -0.36546 -3.71059 37.00000
v -0.00000 -3.72854 37.00000
v 0.36546 -3.71059 37.00000
v 0.72740 -3.65690 37.00000
v 1.08234 -3.56799 37.00000
v 1.42685 -3.44472 37.00000
v 1.75762 -3.28828 37.00000
v 2.07147 -3.10017 37.00000
v 2.36536 -2.88220 37.00000
v 2.63648 -2.63648 37.00000
v 2.88220 -2.36536 37.00000
v 3.10017 -2.07147 37.00000
v 3.28828 -1.75762 37.00000
v 3.44472 -1.42685 37.00000
v 3.56799 -1.08234 37.00000
v 3.65690 -0.72740 37.00000
v 3.71059 -0.36546 37.00000
v 3.64393 0.00000 37.52857
v 3.62638 0.35717 37.52857
v 3.57391 0.71090 37.52857
v 3.48702 1.05778 37.52857
v 3.36655 1.39447 37.52857
v 3.21366 1.71774 37.52857
v 3.02982 2.02446 37.52857
v 2.81679 2.31168 37.52857
v 2.57665 2.57665 37.52857
v 2.31168 2.81679 37.52857
v 2.02446 3.02982 37.52857
v 1.71774 3.21366 37.52857
v 1.39447 3.36655 37.52857
v 1.05778 3.48702 37.52857
v 0.71090 3.57391 37.52857
v 0.35717 3.62638 37.52857
v 0.00000 3.64393 37.52857
v -0.35717 3.62638 37.52857
v -0.71090 3.57391 37.52857
v -1.05778 3.48702 37.52857
v -1.39447 3.36655 37.52857
v -1.71774 3.21366 37.52857
v -2.02446 3.02982 37.52857
v -2.31168 2.81679 37.52857
v -2.57665 2.57665 37.52857
v -2.81679 2.31168 37.52857
v -3.02982 2.02446 37.52857
v -3.21366 1.71774 37.52857
v -3.36655 1.39447 37.52857
v -3.48702 1.05778 37.52857
v -3.57391 0.71090 37.52857
v -3.62638 0.35717 37.52857
v -3.64393 0.00000 37.52857
v -3.62638 -0.35717 37.52857
v -3.57391 -0.71090 37.52857
v -3.48702 -1.05778 37.52857
v -3.36655 -1.39447 37.52857
v -3.21366 -1.71774 37.52857
v -3.02982 -2.02446 37.52857
v -2.81679 -2.31168 37.52857
v -2.57665 -2.57665 37.52857
v -2.31168 -2.81679 37.52857
v -2.02446 -3.02982 37.52857
v -1.71774 -3.21366 37.52857
v -1.39447 -3.36655 37.52857
v -1.05778 -3.48702 37.52857
v -0.71090 -3.57391 37.52857
v -0.35717 -3.62638 37.52857
v -0.00000 -3.64393 37.52857
v 0.35717 -3.62638 37.52857
v 0.71090 -3.57391 37.52857
v 1.05778 -3.48702 37.52857
v 1.39447 -3.36655 37.52857
v 1.71774 -3.21366 37.52857
v 2.02446 -3.02982 37.52857
v 2.31168 -2.81679 37.52857
v 2.57665 -2.57665 37.52857
v 2.81679 -2.31168 37.52857
v 3.02982 -2.02446 37.52857
v 3.21366 -1.71774 37.52857
v 3.36655 -1.39447 37.52857
v 3.48702 -1.05778 37.52857
v 3.57391 -0.71090 37.52857
v 3.62638 -0.35717 37.52857
v 2.60571 0.00000 44.01429
v 2.59317 0.25540 44.01429
v 2.55565 0.50835 44.01429
v 2.49351 0.75640 44.01429
v 2.40737 0.99716 44.01429
v 2.29803 1.22833 44.01429
v 2.16657 1.44766 44.01429
v 2.01424 1.65305 44.01429
v 1.84252 1.84252 44.01429
v 1.65305 2.01424 44.01429
v 1.44766 2.16657 44.01429
v 1.22833 2.29803 44.01429
v 0.99716 2.40737 44.01429
v 0.75640 2.49351 44.01429
v 0.50835 2.55565 44.01429
v 0.25540 2.59317 44.01429
v 0.00000 2.60571 44.01429
v -0.25540 2.59317 44.01429
v -0.50835 2.55565 44.01429
v -0.75640 2.49351 44.01429
v -0.99716 2.40737 44.01429
v -1.22833 2.29803 44.01429
v -1.44766 2.16657 44.01429
v -1.65305 2.01424 44.01429
v -1.84252 1.84252 44.01429
v -2.01424 1.65305 44.01429
v -2.16657 1.44766 44.01429
v -2.29803 1.22833 44.01429
v -2.40737 0.99716 44.01429
v -2.49351 0.75640 44.01429
v -2.55565 0.50835 44.01429
v -2.59317 0.25540 44.01429
v -2.60571 0.00000 44.01429
v -2.59317 -0.25540 44.01429
v -2.55565 -0.50835 44.01429
v -2.49351 -0.75640 44.01429
v -2.40737 -0.99716 44.01429
v -2.29803 -1.22833 44.01429
v -2.16657 -1.44766 44.01429
v -2.01424 -1.65305 44.01429
v -1.84252 -1.84252 44.01429
v -1.65305 -2.01424 44.01429
v -1.44766 -2.16657 44.01429
v -1.22833 -2.29803 44.01429
v -0.99716 -2.40737 44.01429
v -0.75640 -2.49351 44.01429
v -0.50835 -2.55565 44.01429
v -0.25540 -2.59317 44.01429
v -0.00000 -2.60571 44.01429
v 0.25540 -2.59317 44.01429
v 0.50835 -2.55565 44.01429
v 0.75640 -2.49351 44.01429
v 0.99716 -2.40737 44.01429
v 1.22833 -2.29803 44.01429
v 1.44766 -2.16657 44.01429
v 1.65305 -2.01424 44.01429
v 1.84252 -1.84252 44.01429
v 2.01424 -1.65305 44.01429
v 2.16657 -1.44766 44.01429
v 2.29803 -1.22833 44.01429
v 2.40737 -0.99716 44.01429
v 2.49351 -0.75640 44.01429
v 2.55565 -0.50835 44.01429
v 2.59317 -0.25540 44.01429
v 1.56750 0.00000 50.50000
v 1.55995 0.15364 50.50000
v 1.53738 0.30580 50.50000
v 1.50000 0.45502 50.50000
v 1.44818 0.59986 50.50000
v 1.38241 0.73891 50.50000
v 1.30333 0.87086 50.50000
v 1.21169 0.99441 50.50000
v 1.10839 1.10839 50.50000
v 0.99441 1.21169 50.50000
v 0.87086 1.30333 50.50000
v 0.73891 1.38241 50.50000
v 0.59986 1.44818 50.50000
v 0.45502 1.50000 50.50000
v 0.30580 1.53738 50.50000
v 0.15364 1.55995 50.50000
v 0.00000 1.56750 50.50000
v -0.15364 1.55995 50.50000
v -0.30580 1.53738 50.50000
v -0.45502 1.50000 50.50000
v -0.59986 1.44818 50.50000
v -0.73891 1.38241 50.50000
v -0.87086 1.30333 50.50000
v -0.99441 1.21169 50.50000
v -1.10839 1.10839 50.50000
v -1.21169 0.99441 50.50000
v -1.30333 0.87086 50.50000
v -1.38241 0.73891 50.50000
v -1.44818 0.59986 50.50000
v -1.50000 0.45502 50.50000
v -1.53738 0.30580 50.50000
v -1.55995 0.15364 50.50000
v -1.56750 0.00000 50.50000
v -1.55995 -0.15364 50.50000
v -1.53738 -0.30580 50.50000
v -1.50000 -0.45502 50.50000
v -1.44818 -0.59986 50.50000
v -1.38241 -0.73891 50.50000
v -1.30333 -0.87086 50.50000
v -1.21169 -0.99441 50.50000
v -1.10839 -1.10839 50.50000
v -0.99441 -1.21169 50.50000
v -0.87086 -1.30333 50.50000
v -0.73891 -1.38241 50.50000
v -0.59986 -1.44818 50.50000
v -0.45502 -1.50000 50.50000
v -0.30580 -1.53738 50.50000
v -0.15364 -1.55995 50.50000
v -0.00000 -1.56750 50.50000
v 0.15364 -1.55995 50.50000
v 0.30580 -1.53738 50.50000
v 0.45502 -1.50000 50.50000
v 0.59986 -1.44818 50.50000
v 0.73891 -1.38241 50.50000
v 0.87086 -1.30333 50.50000
v 0.99441 -1.21169 50.50000
v 1.10839 -1.10839 50.50000
v 1.21169 -0.99441 50.50000
v 1.30333 -0.87086 50.50000
v 1.38241 -0.73891 50.50000
v 1.44818 -0.59986 50.50000
v 1.50000 -0.45502 50.50000
v 1.53738 -0.30580 50.50000
v 1.55995 -0.15364 50.50000
v 0.00000 0.00000 5.10000
v 0.00000 0.00000 50.50000

vt 0.00000 0.00000
vt 1.00000 0.00000
vt 1.00000 1.00000
vt 0.00000 1.00000
vt 0.00000 0.00000
vt 1.00000 0.00000
vt 1.00000 1.00000
vt 0.00000 1.00000
vt 0.00000 0.06931
vt 0.00000 0.10099
vt 0.01562 0.06931
vt 0.01562 0.10099
vt 0.03125 0.06931
vt 0.03125 0.10099
vt 0.04688 0.06931
vt 0.04688 0.10099
vt 0.06250 0.06931
vt 0.06250 0.10099
vt 0.07812 0.06931
vt 0.07812 0.10099
vt 0.09375 0.06931
vt 0.09375 0.10099
vt 0.10938 0.06931
vt 0.10938 0.10099
vt 0.12500 0.06931
vt 0.12500 0.10099
vt 0.14062 0.06931
vt 0.14062 0.10099
vt 0.15625 0.06931
vt 0.15625 0.10099
vt 0.17188 0.06931
vt 0.17188 0.10099
vt 0.18750 0.06931
vt 0.18750 0.10099
vt 0.20312 0.06931
vt 0.20312 0.10099
vt 0.21875 0.06931
vt 0.21875 0.10099
vt 0.23438 0.06931
vt 0.23438 0.10099
vt 0.25000 0.06931
vt 0.25000 0.10099
vt 0.26562 0.06931
vt 0.26562 0.10099
vt 0.28125 0.06931
vt 0.28125 0.10099
vt 0.29688 0.06931
vt 0.29688 0.10099
vt 0.31250 0.06931
vt 0.31250 0.10099
vt 0.32812 0.06931
vt 0.32812 0.10099
vt 0.34375 0.06931
vt 0.34375 0.10099
vt 0.35938 0.06931
vt 0.35938 0.10099
vt 0.37500 0.06931
vt 0.37500 0.10099
vt 0.39062 0.06931
vt 0.39062 0.10099
vt 0.40625 0.06931
vt 0.40625 0.10099
vt 0.42188 0.06931
vt 0.42188 0.10099
vt 0.43750 0.06931
vt 0.43750 0.10099
vt 0.45312 0.06931
vt 0.45312 0.10099
vt 0.46875 0.06931
vt 0.46875 0.10099
vt 0.48438 0.06931
vt 0.48438 0.10099
vt 0.50000 0.06931
vt 0.50000 0.10099
vt 0.51562 0.06931
vt 0.51562 0.10099
vt 0.53125 0.06931
vt 0.53125 0.10099
vt 0.54688 0.06931
vt 0.54688 0.10099
vt 0.56250 0.06931
vt 0.56250 0.10099
vt 0.57812 0.06931
vt 0.57812 0.10099
vt 0.59375 0.06931
vt 0.59375 0.10099
vt 0.60938 0.06931
vt 0.60938 0.10099
vt 0.62500 0.06931
vt 0.62500 0.10099
vt 0.64062 0.06931
vt 0.64062 0.10099
vt 0.65625 0.06931
vt 0.65625 0.10099
vt 0.67188 0.06931
vt 0.67188 0.10099
vt 0.68750 0.06931
vt 0.68750 0.10099
vt 0.70312 0.06931
vt 0.70312 0.10099
vt 0.71875 0.06931
vt 0.71875 0.10099
vt 0.73438 0.06931
vt 0.73438 0.10099
vt 0.75000 0.06931
vt 0.75000 0.10099
vt 0.76562 0.06931
vt 0.76562 0.10099
vt 0.78125 0.06931
vt 0.78125 0.10099
vt 0.79688 0.06931
vt 0.79688 0.10099
vt 0.81250 0.06931
vt 0.81250 0.10099
vt 0.82812 0.06931
vt 0.82812 0.10099
vt 0.84375 0.06931
vt 0.84375 0.10099
vt 0.85938 0.06931
vt 0.85938 0.10099
vt 0.87500 0.06931
vt 0.87500 0.10099
vt 0.89062 0.06931
vt 0.89062 0.10099
vt 0.90625 0.06931
vt 0.90625 0.10099
vt 0.92188 0.06931
vt 0.92188 0.10099
vt 0.93750 0.06931
vt 0.93750 0.10099
vt 0.95312 0.06931
vt 0.95312 0.10099
vt 0.96875 0.06931
vt 0.96875 0.10099
vt 0.98438 0.06931
vt 0.98438 0.10099
vt 0.00000 0.10099
vt 0.01562 0.10099
vt 0.03125 0.10099
vt 0.04688 0.10099
vt 0.06250 0.10099
vt 0.07812 0.10099
vt 0.09375 0.10099
vt 0.10938 0.10099
vt 0.12500 0.10099
vt 0.14062 0.10099
vt 0.15625 0.10099
vt 0.17188 0.10099
vt 0.18750 0.10099
vt 0.20312 0.10099
vt 0.21875 0.10099
vt 0.23438 0.10099
vt 0.25000 0.10099
vt 0.26562 0.10099
vt 0.28125 0.10099
vt 0.29688 0.10099
vt 0.31250 0.10099
vt 0.32812 0.10099
vt 0.34375 0.10099
vt 0.35938 0.10099
vt 0.37500 0.10099
vt 0.39062 0.10099
vt 0.40625 0.10099
vt 0.42188 0.10099
vt 0.43750 0.10099
vt 0.45312 0.10099
vt 0.46875 0.10099
vt 0.48438 0.10099
vt 0.50000 0.10099
vt 0.51562 0.10099
vt 0.53125 0.10099
vt 0.54688 0.10099
vt 0.56250 0.10099
vt 0.57812 0.10099
vt 0.59375 0.10099
vt 0.60938 0.10099
vt 0.62500 0.10099
vt 0.64062 0.10099
vt 0.65625 0.10099
vt 0.67188 0.10099
vt 0.68750 0.10099
vt 0.70312 0.10099
vt 0.71875 0.10099
vt 0.73438 0.10099
vt 0.75000 0.10099
vt 0.76562 0.10099
vt 0.78125 0.10099
vt 0.79688 0.10099
vt 0.81250 0.10099
vt 0.82812 0.10099
vt 0.84375 0.10099
vt 0.85938 0.10099
vt 0.87500 0.10099
vt 0.89062 0.10099
vt 0.90625 0.10099
vt 0.92188 0.10099
vt 0.93750 0.10099
vt 0.95312 0.10099
vt 0.96875 0.10099
vt 0.98438 0.10099
vt 0.00000 0.22942
vt 0.01562 0.22942
vt 0.03125 0.22942
vt 0.04688 0.22942
vt 0.06250 0.22942
vt 0.07812 0.22942
vt 0.09375 0.22942
vt 0.10938 0.22942
vt 0.12500 0.22942
vt 0.14062 0.22942
vt 0.15625 0.22942
vt 0.17188 0.22942
vt 0.18750 0.22942
vt 0.20312 0.22942
vt 0.21875 0.22942
vt 0.23438 0.22942
vt 0.25000 0.22942
vt 0.26562 0.22942
vt 0.28125 0.22942
vt 0.29688 0.22942
vt 0.31250 0.22942
vt 0.32812 0.22942
vt 0.34375 0.22942
vt 0.35938 0.22942
vt 0.37500 0.22942
vt 0.39062 0.22942
vt 0.40625 0.22942
vt 0.42188 0.22942
vt 0.43750 0.22942
vt 0.45312 0.22942
vt 0.46875 0.22942
vt 0.48438 0.22942
vt 0.50000 0.22942
vt 0.51562 0.22942
vt 0.53125 0.22942
vt 0.54688 0.22942
vt 0.56250 0.22942
vt 0.57812 0.22942
vt 0.59375 0.22942
vt 0.60938 0.22942
vt 0.62500 0.22942
vt 0.64062 0.22942
vt 0.65625 0.22942
vt 0.67188 0.22942
vt 0.68750 0.22942
vt 0.70312 0.22942
vt 0.71875 0.22942
vt 0.73438 0.22942
vt 0.75000 0.22942
vt 0.76562 0.22942
vt 0.78125 0.22942
vt 0.79688 0.22942
vt 0.81250 0.22942
vt 0.82812 0.22942
vt 0.84375 0.22942
vt 0.85938 0.22942
vt 0.87500 0.22942
vt 0.89062 0.22942
vt 0.90625 0.22942
vt 0.92188 0.22942
vt 0.93750 0.22942
vt 0.95312 0.22942
vt 0.96875 0.22942
vt 0.98438 0.22942
vt 0.00000 0.35644
vt 0.01562 0.35644
vt 0.03125 0.35644
vt 0.04688 0.35644
vt 0.06250 0.35644
vt 0.07812 0.35644
vt 0.09375 0.35644
vt 0.10938 0.35644
vt 0.12500 0.35644
vt 0.14062 0.35644
vt 0.15625 0.35644
vt 0.17188 0.35644
vt 0.18750 0.35644
vt 0.20312 0.35644
vt 0.21875 0.35644
vt 0.23438 0.35644
vt 0.25000 0.35644
vt 0.26562 0.35644
vt 0.28125 0.35644
vt 0.29688 0.35644
vt 0.31250 0.35644
vt 0.32812 0.35644
vt 0.34375 0.35644
vt 0.35938 0.35644
vt 0.37500 0.35644
vt 0.39062 0.35644
vt 0.40625 0.35644
vt 0.42188 0.35644
vt 0.43750 0.35644
vt 0.45312 0.35644
vt 0.46875 0.35644
vt 0.48438 0.35644
vt 0.50000 0.35644
vt 0.51562 0.35644
vt 0.53125 0.35644
vt 0.54688 0.35644
vt 0.56250 0.35644
vt 0.57812 0.35644
vt 0.59375 0.35644
vt 0.60938 0.35644
vt 0.62500 0.35644
vt 0.64062 0.35644
vt 0.65625 0.35644
vt 0.67188 0.35644
vt 0.68750 0.35644
vt 0.70312 0.35644
vt 0.71875 0.35644
vt 0.73438 0.35644
vt 0.75000 0.35644
vt 0.76562 0.35644
vt 0.78125 0.35644
vt 0.79688 0.35644
vt 0.81250 0.35644
vt 0.82812 0.35644
vt 0.84375 0.35644
vt 0.85938 0.35644
vt 0.87500 0.35644
vt 0.89062 0.35644
vt 0.90625 0.35644
vt 0.92188 0.35644
vt 0.93750 0.35644
vt 0.95312 0.35644
vt 0.96875 0.35644
vt 0.98438 0.35644
vt 0.00000 0.35785
vt 0.01562 0.35785
vt 0.03125 0.35785
vt 0.04688 0.35785
vt 0.06250 0.35785
vt 0.07812 0.35785
vt 0.09375 0.35785
vt 0.10938 0.35785
vt 0.12500 0.35785
vt 0.14062 0.35785
vt 0.15625 0.35785
vt 0.17188 0.35785
vt 0.18750 0.35785
vt 0.20312 0.35785
vt 0.21875 0.35785
vt 0.23438 0.35785
vt 0.25000 0.35785
vt 0.26562 0.35785
vt 0.28125 0.35785
vt 0.29688 0.35785
vt 0.31250 0.35785
vt 0.32812 0.35785
vt 0.34375 0.35785
vt 0.35938 0.35785
vt 0.37500 0.35785
vt 0.39062 0.35785
vt 0.40625 0.35785
vt 0.42188 0.35785
vt 0.43750 0.35785
vt 0.45312 0.35785
vt 0.46875 0.35785
vt 0.48438 0.35785
vt 0.50000 0.35785
vt 0.51562 0.35785
vt 0.53125 0.35785
vt 0.54688 0.35785
vt 0.56250 0.35785
vt 0.57812 0.35785
vt 0.59375 0.35785
vt 0.60938 0.35785
vt 0.62500 0.35785
vt 0.64062 0.35785
vt 0.65625 0.35785
vt 0.67188 0.35785
vt 0.68750 0.35785
vt 0.70312 0.35785
vt 0.71875 0.35785
vt 0.73438 0.35785
vt 0.75000 0.35785
vt 0.76562 0.35785
vt 0.78125 0.35785
vt 0.79688 0.35785
vt 0.81250 0.35785
vt 0.82812 0.35785
vt 0.84375 0.35785
vt 0.85938 0.35785
vt 0.87500 0.35785
vt 0.89062 0.35785
vt 0.90625 0.35785
vt 0.92188 0.35785
vt 0.93750 0.35785
vt 0.95312 0.35785
vt 0.96875 0.35785
vt 0.98438 0.35785
vt 0.00000 0.47525
vt 0.01562 0.47525
vt 0.03125 0.47525
vt 0.04688 0.47525
vt 0.06250 0.47525
vt 0.07812 0.47525
vt 0.09375 0.47525
vt 0.10938 0.47525
vt 0.12500 0.47525
vt 0.14062 0.47525
vt 0.15625 0.47525
vt 0.17188 0.47525
vt 0.18750 0.47525
vt 0.20312 0.47525
vt 0.21875 0.47525
vt 0.23438 0.47525
vt 0.25000 0.47525
vt 0.26562 0.47525
vt 0.28125 0.47525
vt 0.29688 0.47525
vt 0.31250 0.47525
vt 0.32812 0.47525
vt 0.34375 0.47525
vt 0.35938 0.47525
vt 0.37500 0.47525
vt 0.39062 0.47525
vt 0.40625 0.47525
vt 0.42188 0.47525
vt 0.43750 0.47525
vt 0.45312 0.47525
vt 0.46875 0.47525
vt 0.48438 0.47525
vt 0.50000 0.47525
vt 0.51562 0.47525
vt 0.53125 0.47525
vt 0.54688 0.47525
vt 0.56250 0.47525
vt 0.57812 0.47525
vt 0.59375 0.47525
vt 0.60938 0.47525
vt 0.62500 0.47525
vt 0.64062 0.47525
vt 0.65625 0.47525
vt 0.67188 0.47525
vt 0.68750 0.47525
vt 0.70312 0.47525
vt 0.71875 0.47525
vt 0.73438 0.47525
vt 0.75000 0.47525
vt 0.76562 0.47525
vt 0.78125 0.47525
vt 0.79688 0.47525
vt 0.81250 0.47525
vt 0.82812 0.47525
vt 0.84375 0.47525
vt 0.85938 0.47525
vt 0.87500 0.47525
vt 0.89062 0.47525
vt 0.90625 0.47525
vt 0.92188 0.47525
vt 0.93750 0.47525
vt 0.95312 0.47525
vt 0.96875 0.47525
vt 0.98438 0.47525
vt 0.00000 0.48628
vt 0.01562 0.48628
vt 0.03125 0.48628
vt 0.04688 0.48628
vt 0.06250 0.48628
vt 0.07812 0.48628
vt 0.09375 0.48628
vt 0.10938 0.48628
vt 0.12500 0.48628
vt 0.14062 0.48628
vt 0.15625 0.48628
vt 0.17188 0.48628
vt 0.18750 0.48628
vt 0.20312 0.48628
vt 0.21875 0.48628
vt 0.23438 0.48628
vt 0.25000 0.48628
vt 0.26562 0.48628
vt 0.28125 0.48628
vt 0.29688 0.48628
vt 0.31250 0.48628
vt 0.32812 0.48628
vt 0.34375 0.48628
vt 0.35938 0.48628
vt 0.37500 0.48628
vt 0.39062 0.48628
vt 0.40625 0.48628
vt 0.42188 0.48628
vt 0.43750 0.48628
vt 0.45312 0.48628
vt 0.46875 0.48628
vt 0.48438 0.48628
vt 0.50000 0.48628
vt 0.51562 0.48628
vt 0.53125 0.48628
vt 0.54688 0.48628
vt 0.56250 0.48628
vt 0.57812 0.48628
vt 0.59375 0.48628
vt 0.60938 0.48628
vt 0.62500 0.48628
vt 0.64062 0.48628
vt 0.65625 0.48628
vt 0.67188 0.48628
vt 0.68750 0.48628
vt 0.70312 0.48628
vt 0.71875 0.48628
vt 0.73438 0.48628
vt 0.75000 0.48628
vt 0.76562 0.48628
vt 0.78125 0.48628
vt 0.79688 0.48628
vt 0.81250 0.48628
vt 0.82812 0.48628
vt 0.84375 0.48628
vt 0.85938 0.48628
vt 0.87500 0.48628
vt 0.89062 0.48628
vt 0.90625 0.48628
vt 0.92188 0.48628
vt 0.93750 0.48628
vt 0.95312 0.48628
vt 0.96875 0.48628
vt 0.98438 0.48628
vt 0.00000 0.61386
vt 0.01562 0.61386
vt 0.03125 0.61386
vt 0.04688 0.61386
vt 0.06250 0.61386
vt 0.07812 0.61386
vt 0.09375 0.61386
vt 0.10938 0.61386
vt 0.12500 0.61386
vt 0.14062 0.61386
vt 0.15625 0.61386
vt 0.17188 0.61386
vt 0.18750 0.61386
vt 0.20312 0.61386
vt 0.21875 0.61386
vt 0.23438 0.61386
vt 0.25000 0.61386
vt 0.26562 0.61386
vt 0.28125 0.61386
vt 0.29688 0.61386
vt 0.31250 0.61386
vt 0.32812 0.61386
vt 0.34375 0.61386
vt 0.35938 0.61386
vt 0.37500 0.61386
vt 0.39062 0.61386
vt 0.40625 0.61386
vt 0.42188 0.61386
vt 0.43750 0.61386
vt 0.45312 0.61386
vt 0.46875 0.61386
vt 0.48438 0.61386
vt 0.50000 0.61386
vt 0.51562 0.61386
vt 0.53125 0.61386
vt 0.54688 0.61386
vt 0.56250 0.61386
vt 0.57812 0.61386
vt 0.59375 0.61386
vt 0.60938 0.61386
vt 0.62500 0.61386
vt 0.64062 0.61386
vt 0.65625 0.61386
vt 0.67188 0.61386
vt 0.68750 0.61386
vt 0.70312 0.61386
vt 0.71875 0.61386
vt 0.73438 0.61386
vt 0.75000 0.61386
vt 0.76562 0.61386
vt 0.78125 0.61386
vt 0.79688 0.61386
vt 0.81250 0.61386
vt 0.82812 0.61386
vt 0.84375 0.61386
vt 0.85938 0.61386
vt 0.87500 0.61386
vt 0.89062 0.61386
vt 0.90625 0.61386
vt 0.92188 0.61386
vt 0.93750 0.61386
vt 0.95312 0.61386
vt 0.96875 0.61386
vt 0.98438 0.61386
vt 0.00000 0.61471
vt 0.01562 0.61471
vt 0.03125 0.61471
vt 0.04688 0.61471
vt 0.06250 0.61471
vt 0.07812 0.61471
vt 0.09375 0.61471
vt 0.10938 0.61471
vt 0.12500 0.61471
vt 0.14062 0.61471
vt 0.15625 0.61471
vt 0.17188 0.61471
vt 0.18750 0.61471
vt 0.20312 0.61471
vt 0.21875 0.61471
vt 0.23438 0.61471
vt 0.25000 0.61471
vt 0.26562 0.61471
vt 0.28125 0.61471
vt 0.29688 0.61471
vt 0.31250 0.61471
vt 0.32812 0.61471
vt 0.34375 0.61471
vt 0.35938 0.61471
vt 0.37500 0.61471
vt 0.39062 0.61471
vt 0.40625 0.61471
vt 0.42188 0.61471
vt 0.43750 0.61471
vt 0.45312 0.61471
vt 0.46875 0.61471
vt 0.48438 0.61471
vt 0.50000 0.61471
vt 0.51562 0.61471
vt 0.53125 0.61471
vt 0.54688 0.61471
vt 0.56250 0.61471
vt 0.57812 0.61471
vt 0.59375 0.61471
vt 0.60938 0.61471
vt 0.62500 0.61471
vt 0.64062 0.61471
vt 0.65625 0.61471
vt 0.67188 0.61471
vt 0.68750 0.61471
vt 0.70312 0.61471
vt 0.71875 0.61471
vt 0.73438 0.61471
vt 0.75000 0.61471
vt 0.76562 0.61471
vt 0.78125 0.61471
vt 0.79688 0.61471
vt 0.81250 0.61471
vt 0.82812 0.61471
vt 0.84375 0.61471
vt 0.85938 0.61471
vt 0.87500 0.61471
vt 0.89062 0.61471
vt 0.90625 0.61471
vt 0.92188 0.61471
vt 0.93750 0.61471
vt 0.95312 0.61471
vt 0.96875 0.61471
vt 0.98438 0.61471
vt 0.00000 0.73267
vt 0.01562 0.73267
vt 0.03125 0.73267
vt 0.04688 0.73267
vt 0.06250 0.73267
vt 0.07812 0.73267
vt 0.09375 0.73267
vt 0.10938 0.73267
vt 0.12500 0.73267
vt 0.14062 0.73267
vt 0.15625 0.73267
vt 0.17188 0.73267
vt 0.18750 0.73267
vt 0.20312 0.73267
vt 0.21875 0.73267
vt 0.23438 0.73267
vt 0.25000 0.73267
vt 0.26562 0.73267
vt 0.28125 0.73267
vt 0.29688 0.73267
vt 0.31250 0.73267
vt 0.32812 0.73267
vt 0.34375 0.73267
vt 0.35938 0.73267
vt 0.37500 0.73267
vt 0.39062 0.73267
vt 0.40625 0.73267
vt 0.42188 0.73267
vt 0.43750 0.73267
vt 0.45312 0.73267
vt 0.46875 0.73267
vt 0.48438 0.73267
vt 0.50000 0.73267
vt 0.51562 0.73267
vt 0.53125 0.73267
vt 0.54688 0.73267
vt 0.56250 0.73267
vt 0.57812 0.73267
vt 0.59375 0.73267
vt 0.60938 0.73267
vt 0.62500 0.73267
vt 0.64062 0.73267
vt 0.65625 0.73267
vt 0.67188 0.73267
vt 0.68750 0.73267
vt 0.70312 0.73267
vt 0.71875 0.73267
vt 0.73438 0.73267
vt 0.75000 0.73267
vt 0.76562 0.73267
vt 0.78125 0.73267
vt 0.79688 0.73267
vt 0.81250 0.73267
vt 0.82812 0.73267
vt 0.84375 0.73267
vt 0.85938 0.73267
vt 0.87500 0.73267
vt 0.89062 0.73267
vt 0.90625 0.73267
vt 0.92188 0.73267
vt 0.93750 0.73267
vt 0.95312 0.73267
vt 0.96875 0.73267
vt 0.98438 0.73267
vt 0.00000 0.74314
vt 0.01562 0.74314
vt 0.03125 0.74314
vt 0.04688 0.74314
vt 0.06250 0.74314
vt 0.07812 0.74314
vt 0.09375 0.74314
vt 0.10938 0.74314
vt 0.12500 0.74314
vt 0.14062 0.74314
vt 0.15625 0.74314
vt 0.17188 0.74314
vt 0.18750 0.74314
vt 0.20312 0.74314
vt 0.21875 0.74314
vt 0.23438 0.74314
vt 0.25000 0.74314
vt 0.26562 0.74314
vt 0.28125 0.74314
vt 0.29688 0.74314
vt 0.31250 0.74314
vt 0.32812 0.74314
vt 0.34375 0.74314
vt 0.35938 0.74314
vt 0.37500 0.74314
vt 0.39062 0.74314
vt 0.40625 0.74314
vt 0.42188 0.74314
vt 0.43750 0.74314
vt 0.45312 0.74314
vt 0.46875 0.74314
vt 0.48438 0.74314
vt 0.50000 0.74314
vt 0.51562 0.74314
vt 0.53125 0.74314
vt 0.54688 0.74314
vt 0.56250 0.74314
vt 0.57812 0.74314
vt 0.59375 0.74314
vt 0.60938 0.74314
vt 0.62500 0.74314
vt 0.64062 0.74314
vt 0.65625 0.74314
vt 0.67188 0.74314
vt 0.68750 0.74314
vt 0.70312 0.74314
vt 0.71875 0.74314
vt 0.73438 0.74314
vt 0.75000 0.74314
vt 0.76562 0.74314
vt 0.78125 0.74314
vt 0.79688 0.74314
vt 0.81250 0.74314
vt 0.82812 0.74314
vt 0.84375 0.74314
vt 0.85938 0.74314
vt 0.87500 0.74314
vt 0.89062 0.74314
vt 0.90625 0.74314
vt 0.92188 0.74314
vt 0.93750 0.74314
vt 0.95312 0.74314
vt 0.96875 0.74314
vt 0.98438 0.74314
vt 0.00000 0.87157
vt 0.01562 0.87157
vt 0.03125 0.87157
vt 0.04688 0.87157
vt 0.06250 0.87157
vt 0.07812 0.87157
vt 0.09375 0.87157
vt 0.10938 0.87157
vt 0.12500 0.87157
vt 0.14062 0.87157
vt 0.15625 0.87157
vt 0.17188 0.87157
vt 0.18750 0.87157
vt 0.20312 0.87157
vt 0.21875 0.87157
vt 0.23438 0.87157
vt 0.25000 0.87157
vt 0.26562 0.87157
vt 0.28125 0.87157
vt 0.29688 0.87157
vt 0.31250 0.87157
vt 0.32812 0.87157
vt 0.34375 0.87157
vt 0.35938 0.87157
vt 0.37500 0.87157
vt 0.39062 0.87157
vt 0.40625 0.87157
vt 0.42188 0.87157
vt 0.43750 0.87157
vt 0.45312 0.87157
vt 0.46875 0.87157
vt 0.48438 0.87157
vt 0.50000 0.87157
vt 0.51562 0.87157
vt 0.53125 0.87157
vt 0.54688 0.87157
vt 0.56250 0.87157
vt 0.57812 0.87157
vt 0.59375 0.87157
vt 0.60938 0.87157
vt 0.62500 0.87157
vt 0.64062 0.87157
vt 0.65625 0.87157
vt 0.67188 0.87157
vt 0.68750 0.87157
vt 0.70312 0.87157
vt 0.71875 0.87157
vt 0.73438 0.87157
vt 0.75000 0.87157
vt 0.76562 0.87157
vt 0.78125 0.87157
vt 0.79688 0.87157
vt 0.81250 0.87157
vt 0.82812 0.87157
vt 0.84375 0.87157
vt 0.85938 0.87157
vt 0.87500 0.87157
vt 0.89062 0.87157
vt 0.90625 0.87157
vt 0.92188 0.87157
vt 0.93750 0.87157
vt 0.95312 0.87157
vt 0.96875 0.87157
vt 0.98438 0.87157
vt 0.00000 1.00000
vt 0.01562 1.00000
vt 0.03125 1.00000
vt 0.04688 1.00000
vt 0.06250 1.00000
vt 0.07812 1.00000
vt 0.09375 1.00000
vt 0.10938 1.00000
vt 0.12500 1.00000
vt 0.14062 1.00000
vt 0.15625 1.00000
vt 0.17188 1.00000
vt 0.18750 1.00000
vt 0.20312 1.00000
vt 0.21875 1.00000
vt 0.23438 1.00000
vt 0.25000 1.00000
vt 0.26562 1.00000
vt 0.28125 1.00000
vt 0.29688 1.00000
vt 0.31250 1.00000
vt 0.32812 1.00000
vt 0.34375 1.00000
vt 0.35938 1.00000
vt 0.37500 1.00000
vt 0.39062 1.00000
vt 0.40625 1.00000
vt 0.42188 1.00000
vt 0.43750 1.00000
vt 0.45312 1.00000
vt 0.46875 1.00000
vt 0.48438 1.00000
vt 0.50000 1.00000
vt 0.51562 1.00000
vt 0.53125 1.00000
vt 0.54688 1.00000
vt 0.56250 1.00000
vt 0.57812 1.00000
vt 0.59375 1.00000
vt 0.60938 1.00000
vt 0.62500 1.00000
vt 0.64062 1.00000
vt 0.65625 1.00000
vt 0.67188 1.00000
vt 0.68750 1.00000
vt 0.70312 1.00000
vt 0.71875 1.00000
vt 0.73438 1.00000
vt 0.75000 1.00000
vt 0.76562 1.00000
vt 0.78125 1.00000
vt 0.79688 1.00000
vt 0.81250 1.00000
vt 0.82812 1.00000
vt 0.84375 1.00000
vt 0.85938 1.00000
vt 0.87500 1.00000
vt 0.89062 1.00000
vt 0.90625 1.00000
vt 0.92188 1.00000
vt 0.93750 1.00000
vt 0.95312 1.00000
vt 0.96875 1.00000
vt 0.98438 1.00000
vt 0.50000 0.50000
vt 0.50000 0.50000

usemtl traffic_orange
f 1/1 4/4 3/3 2/2
f 2/2 3/3 4/4 1/1
f 5/5 6/6 7/7 8/8
f 8/8 7/7 6/6 5/5
f 1/1 2/2 6/6 5/5
f 5/5 6/6 2/2 1/1
f 2/2 3/3 7/7 6/6
f 6/6 7/7 3/3 2/2
f 3/3 4/4 8/8 7/7
f 7/7 8/8 4/4 3/3
f 4/4 1/1 5/5 8/8
f 8/8 5/5 1/1 4/4
f 9/9 11/11 12/12 10/10
f 10/10 12/12 11/11 9/9
f 11/11 13/13 14/14 12/12
f 12/12 14/14 13/13 11/11
f 13/13 15/15 16/16 14/14
f 14/14 16/16 15/15 13/13
f 15/15 17/17 18/18 16/16
f 16/16 18/18 17/17 15/15
f 17/17 19/19 20/20 18/18
f 18/18 20/20 19/19 17/17
f 19/19 21/21 22/22 20/20
f 20/20 22/22 21/21 19/19
f 21/21 23/23 24/24 22/22
f 22/22 24/24 23/23 21/21
f 23/23 25/25 26/26 24/24
f 24/24 26/26 25/25 23/23
f 25/25 27/27 28/28 26/26
f 26/26 28/28 27/27 25/25
f 27/27 29/29 30/30 28/28
f 28/28 30/30 29/29 27/27
f 29/29 31/31 32/32 30/30
f 30/30 32/32 31/31 29/29
f 31/31 33/33 34/34 32/32
f 32/32 34/34 33/33 31/31
f 33/33 35/35 36/36 34/34
f 34/34 36/36 35/35 33/33
f 35/35 37/37 38/38 36/36
f 36/36 38/38 37/37 35/35
f 37/37 39/39 40/40 38/38
f 38/38 40/40 39/39 37/37
f 39/39 41/41 42/42 40/40
f 40/40 42/42 41/41 39/39
f 41/41 43/43 44/44 42/42
f 42/42 44/44 43/43 41/41
f 43/43 45/45 46/46 44/44
f 44/44 46/46 45/45 43/43
f 45/45 47/47 48/48 46/46
f 46/46 48/48 47/47 45/45
f 47/47 49/49 50/50 48/48
f 48/48 50/50 49/49 47/47
f 49/49 51/51 52/52 50/50
f 50/50 52/52 51/51 49/49
f 51/51 53/53 54/54 52/52
f 52/52 54/54 53/53 51/51
f 53/53 55/55 56/56 54/54
f 54/54 56/56 55/55 53/53
f 55/55 57/57 58/58 56/56
f 56/56 58/58 57/57 55/55
f 57/57 59/59 60/60 58/58
f 58/58 60/60 59/59 57/57
f 59/59 61/61 62/62 60/60
f 60/60 62/62 61/61 59/59
f 61/61 63/63 64/64 62/62
f 62/62 64/64 63/63 61/61
f 63/63 65/65 66/66 64/64
f 64/64 66/66 65/65 63/63
f 65/65 67/67 68/68 66/66
f 66/66 68/68 67/67 65/65
f 67/67 69/69 70/70 68/68
f 68/68 70/70 69/69 67/67
f 69/69 71/71 72/72 70/70
f 70/70 72/72 71/71 69/69
f 71/71 73/73 74/74 72/72
f 72/72 74/74 73/73 71/71
f 73/73 75/75 76/76 74/74
f 74/74 76/76 75/75 73/73
f 75/75 77/77 78/78 76/76
f 76/76 78/78 77/77 75/75
f 77/77 79/79 80/80 78/78
f 78/78 80/80 79/79 77/77
f 79/79 81/81 82/82 80/80
f 80/80 82/82 81/81 79/79
f 81/81 83/83 84/84 82/82
f 82/82 84/84 83/83 81/81
f 83/83 85/85 86/86 84/84
f 84/84 86/86 85/85 83/83
f 85/85 87/87 88/88 86/86
f 86/86 88/88 87/87 85/85
f 87/87 89/89 90/90 88/88
f 88/88 90/90 89/89 87/87
f 89/89 91/91 92/92 90/90
f 90/90 92/92 91/91 89/89
f 91/91 93/93 94/94 92/92
f 92/92 94/94 93/93 91/91
f 93/93 95/95 96/96 94/94
f 94/94 96/96 95/95 93/93
f 95/95 97/97 98/98 96/96
f 96/96 98/98 97/97 95/95
f 97/97 99/99 100/100 98/98
f 98/98 100/100 99/99 97/97
f 99/99 101/101 102/102 100/100
f 100/100 102/102 101/101 99/99
f 101/101 103/103 104/104 102/102
f 102/102 104/104 103/103 101/101
f 103/103 105/105 106/106 104/104
f 104/104 106/106 105/105 103/103
f 105/105 107/107 108/108 106/106
f 106/106 108/108 107/107 105/105
f 107/107 109/109 110/110 108/108
f 108/108 110/110 109/109 107/107
f 109/109 111/111 112/112 110/110
f 110/110 112/112 111/111 109/109
f 111/111 113/113 114/114 112/112
f 112/112 114/114 113/113 111/111
f 113/113 115/115 116/116 114/114
f 114/114 116/116 115/115 113/113
f 115/115 117/117 118/118 116/116
f 116/116 118/118 117/117 115/115
f 117/117 119/119 120/120 118/118
f 118/118 120/120 119/119 117/117
f 119/119 121/121 122/122 120/120
f 120/120 122/122 121/121 119/119
f 121/121 123/123 124/124 122/122
f 122/122 124/124 123/123 121/121
f 123/123 125/125 126/126 124/124
f 124/124 126/126 125/125 123/123
f 125/125 127/127 128/128 126/126
f 126/126 128/128 127/127 125/125
f 127/127 129/129 130/130 128/128
f 128/128 130/130 129/129 127/127
f 129/129 131/131 132/132 130/130
f 130/130 132/132 131/131 129/129
f 131/131 133/133 134/134 132/132
f 132/132 134/134 133/133 131/131
f 133/133 135/135 136/136 134/134
f 134/134 136/136 135/135 133/133
f 135/135 9/9 10/10 136/136
f 136/136 10/10 9/9 135/135
f 137/137 138/138 202/202 201/201
f 201/201 202/202 138/138 137/137
f 138/138 139/139 203/203 202/202
f 202/202 203/203 139/139 138/138
f 139/139 140/140 204/204 203/203
f 203/203 204/204 140/140 139/139
f 140/140 141/141 205/205 204/204
f 204/204 205/205 141/141 140/140
f 141/141 142/142 206/206 205/205
f 205/205 206/206 142/142 141/141
f 142/142 143/143 207/207 206/206
f 206/206 207/207 143/143 142/142
f 143/143 144/144 208/208 207/207
f 207/207 208/208 144/144 143/143
f 144/144 145/145 209/209 208/208
f 208/208 209/209 145/145 144/144
f 145/145 146/146 210/210 209/209
f 209/209 210/210 146/146 145/145
f 146/146 147/147 211/211 210/210
f 210/210 211/211 147/147 146/146
f 147/147 148/148 212/212 211/211
f 211/211 212/212 148/148 147/147
f 148/148 149/149 213/213 212/212
f 212/212 213/213 149/149 148/148
f 149/149 150/150 214/214 213/213
f 213/213 214/214 150/150 149/149
f 150/150 151/151 215/215 214/214
f 214/214 215/215 151/151 150/150
f 151/151 152/152 216/216 215/215
f 215/215 216/216 152/152 151/151
f 152/152 153/153 217/217 216/216
f 216/216 217/217 153/153 152/152
f 153/153 154/154 218/218 217/217
f 217/217 218/218 154/154 153/153
f 154/154 155/155 219/219 218/218
f 218/218 219/219 155/155 154/154
f 155/155 156/156 220/220 219/219
f 219/219 220/220 156/156 155/155
f 156/156 157/157 221/221 220/220
f 220/220 221/221 157/157 156/156
f 157/157 158/158 222/222 221/221
f 221/221 222/222 158/158 157/157
f 158/158 159/159 223/223 222/222
f 222/222 223/223 159/159 158/158
f 159/159 160/160 224/224 223/223
f 223/223 224/224 160/160 159/159
f 160/160 161/161 225/225 224/224
f 224/224 225/225 161/161 160/160
f 161/161 162/162 226/226 225/225
f 225/225 226/226 162/162 161/161
f 162/162 163/163 227/227 226/226
f 226/226 227/227 163/163 162/162
f 163/163 164/164 228/228 227/227
f 227/227 228/228 164/164 163/163
f 164/164 165/165 229/229 228/228
f 228/228 229/229 165/165 164/164
f 165/165 166/166 230/230 229/229
f 229/229 230/230 166/166 165/165
f 166/166 167/167 231/231 230/230
f 230/230 231/231 167/167 166/166
f 167/167 168/168 232/232 231/231
f 231/231 232/232 168/168 167/167
f 168/168 169/169 233/233 232/232
f 232/232 233/233 169/169 168/168
f 169/169 170/170 234/234 233/233
f 233/233 234/234 170/170 169/169
f 170/170 171/171 235/235 234/234
f 234/234 235/235 171/171 170/170
f 171/171 172/172 236/236 235/235
f 235/235 236/236 172/172 171/171
f 172/172 173/173 237/237 236/236
f 236/236 237/237 173/173 172/172
f 173/173 174/174 238/238 237/237
f 237/237 238/238 174/174 173/173
f 174/174 175/175 239/239 238/238
f 238/238 239/239 175/175 174/174
f 175/175 176/176 240/240 239/239
f 239/239 240/240 176/176 175/175
f 176/176 177/177 241/241 240/240
f 240/240 241/241 177/177 176/176
f 177/177 178/178 242/242 241/241
f 241/241 242/242 178/178 177/177
f 178/178 179/179 243/243 242/242
f 242/242 243/243 179/179 178/178
f 179/179 180/180 244/244 243/243
f 243/243 244/244 180/180 179/179
f 180/180 181/181 245/245 244/244
f 244/244 245/245 181/181 180/180
f 181/181 182/182 246/246 245/245
f 245/245 246/246 182/182 181/181
f 182/182 183/183 247/247 246/246
f 246/246 247/247 183/183 182/182
f 183/183 184/184 248/248 247/247
f 247/247 248/248 184/184 183/183
f 184/184 185/185 249/249 248/248
f 248/248 249/249 185/185 184/184
f 185/185 186/186 250/250 249/249
f 249/249 250/250 186/186 185/185
f 186/186 187/187 251/251 250/250
f 250/250 251/251 187/187 186/186
f 187/187 188/188 252/252 251/251
f 251/251 252/252 188/188 187/187
f 188/188 189/189 253/253 252/252
f 252/252 253/253 189/189 188/188
f 189/189 190/190 254/254 253/253
f 253/253 254/254 190/190 189/189
f 190/190 191/191 255/255 254/254
f 254/254 255/255 191/191 190/190
f 191/191 192/192 256/256 255/255
f 255/255 256/256 192/192 191/191
f 192/192 193/193 257/257 256/256
f 256/256 257/257 193/193 192/192
f 193/193 194/194 258/258 257/257
f 257/257 258/258 194/194 193/193
f 194/194 195/195 259/259 258/258
f 258/258 259/259 195/195 194/194
f 195/195 196/196 260/260 259/259
f 259/259 260/260 196/196 195/195
f 196/196 197/197 261/261 260/260
f 260/260 261/261 197/197 196/196
f 197/197 198/198 262/262 261/261
f 261/261 262/262 198/198 197/197
f 198/198 199/199 263/263 262/262
f 262/262 263/263 199/199 198/198
f 199/199 200/200 264/264 263/263
f 263/263 264/264 200/200 199/199
f 200/200 137/137 201/201 264/264
f 264/264 201/201 137/137 200/200
f 201/201 202/202 266/266 265/265
f 265/265 266/266 202/202 201/201
f 202/202 203/203 267/267 266/266
f 266/266 267/267 203/203 202/202
f 203/203 204/204 268/268 267/267
f 267/267 268/268 204/204 203/203
f 204/204 205/205 269/269 268/268
f 268/268 269/269 205/205 204/204
f 205/205 206/206 270/270 269/269
f 269/269 270/270 206/206 205/205
f 206/206 207/207 271/271 270/270
f 270/270 271/271 207/207 206/206
f 207/207 208/208 272/272 271/271
f 271/271 272/272 208/208 207/207
f 208/208 209/209 273/273 272/272
f 272/272 273/273 209/209 208/208
f 209/209 210/210 274/274 273/273
f 273/273 274/274 210/210 209/209
f 210/210 211/211 275/275 274/274
f 274/274 275/275 211/211 210/210
f 211/211 212/212 276/276 275/275
f 275/275 276/276 212/212 211/211
f 212/212 213/213 277/277 276/276
f 276/276 277/277 213/213 212/212
f 213/213 214/214 278/278 277/277
f 277/277 278/278 214/214 213/213
f 214/214 215/215 279/279 278/278
f 278/278 279/279 215/215 214/214
f 215/215 216/216 280/280 279/279
f 279/279 280/280 216/216 215/215
f 216/216 217/217 281/281 280/280
f 280/280 281/281 217/217 216/216
f 217/217 218/218 282/282 281/281
f 281/281 282/282 218/218 217/217
f 218/218 219/219 283/283 282/282
f 282/282 283/283 219/219 218/218
f 219/219 220/220 284/284 283/283
f 283/283 284/284 220/220 219/219
f 220/220 221/221 285/285 284/284
f 284/284 285/285 221/221 220/220
f 221/221 222/222 286/286 285/285
f 285/285 286/286 222/222 221/221
f 222/222 223/223 287/287 286/286
f 286/286 287/287 223/223 222/222
f 223/223 224/224 288/288 287/287
f 287/287 288/288 224/224 223/223
f 224/224 225/225 289/289 288/288
f 288/288 289/289 225/225 224/224
f 225/225 226/226 290/290 289/289
f 289/289 290/290 226/226 225/225
f 226/226 227/227 291/291 290/290
f 290/290 291/291 227/227 226/226
f 227/227 228/228 292/292 291/291
f 291/291 292/292 228/228 227/227
f 228/228 229/229 293/293 292/292
f 292/292 293/293 229/229 228/228
f 229/229 230/230 294/294 293/293
f 293/293 294/294 230/230 229/229
f 230/230 231/231 295/295 294/294
f 294/294 295/295 231/231 230/230
f 231/231 232/232 296/296 295/295
f 295/295 296/296 232/232 231/231
f 232/232 233/233 297/297 296/296
f 296/296 297/297 233/233 232/232
f 233/233 234/234 298/298 297/297
f 297/297 298/298 234/234 233/233
f 234/234 235/235 299/299 298/298
f 298/298 299/299 235/235 234/234
f 235/235 236/236 300/300 299/299
f 299/299 300/300 236/236 235/235
f 236/236 237/237 301/301 300/300
f 300/300 301/301 237/237 236/236
f 237/237 238/238 302/302 301/301
f 301/301 302/302 238/238 237/237
f 238/238 239/239 303/303 302/302
f 302/302 303/303 239/239 238/238
f 239/239 240/240 304/304 303/303
f 303/303 304/304 240/240 239/239
f 240/240 241/241 305/305 304/304
f 304/304 305/305 241/241 240/240
f 241/241 242/242 306/306 305/305
f 305/305 306/306 242/242 241/241
f 242/242 243/243 307/307 306/306
f 306/306 307/307 243/243 242/242
f 243/243 244/244 308/308 307/307
f 307/307 308/308 244/244 243/243
f 244/244 245/245 309/309 308/308
f 308/308 309/309 245/245 244/244
f 245/245 246/246 310/310 309/309
f 309/309 310/310 246/246 245/245
f 246/246 247/247 311/311 310/310
f 310/310 311/311 247/247 246/246
f 247/247 248/248 312/312 311/311
f 311/311 312/312 248/248 247/247
f 248/248 249/249 313/313 312/312
f 312/312 313/313 249/249 248/248
f 249/249 250/250 314/314 313/313
f 313/313 314/314 250/250 249/249
f 250/250 251/251 315/315 314/314
f 314/314 315/315 251/251 250/250
f 251/251 252/252 316/316 315/315
f 315/315 316/316 252/252 251/251
f 252/252 253/253 317/317 316/316
f 316/316 317/317 253/253 252/252
f 253/253 254/254 318/318 317/317
f 317/317 318/318 254/254 253/253
f 254/254 255/255 319/319 318/318
f 318/318 319/319 255/255 254/254
f 255/255 256/256 320/320 319/319
f 319/319 320/320 256/256 255/255
f 256/256 257/257 321/321 320/320
f 320/320 321/321 257/257 256/256
f 257/257 258/258 322/322 321/321
f 321/321 322/322 258/258 257/257
f 258/258 259/259 323/323 322/322
f 322/322 323/323 259/259 258/258
f 259/259 260/260 324/324 323/323
f 323/323 324/324 260/260 259/259
f 260/260 261/261 325/325 324/324
f 324/324 325/325 261/261 260/260
f 261/261 262/262 326/326 325/325
f 325/325 326/326 262/262 261/261
f 262/262 263/263 327/327 326/326
f 326/326 327/327 263/263 262/262
f 263/263 264/264 328/328 327/327
f 327/327 328/328 264/264 263/263
f 264/264 201/201 265/265 328/328
f 328/328 265/265 201/201 264/264
usemtl white_stripe
f 265/265 266/266 330/330 329/329
f 329/329 330/330 266/266 265/265
f 266/266 267/267 331/331 330/330
f 330/330 331/331 267/267 266/266
f 267/267 268/268 332/332 331/331
f 331/331 332/332 268/268 267/267
f 268/268 269/269 333/333 332/332
f 332/332 333/333 269/269 268/268
f 269/269 270/270 334/334 333/333
f 333/333 334/334 270/270 269/269
f 270/270 271/271 335/335 334/334
f 334/334 335/335 271/271 270/270
f 271/271 272/272 336/336 335/335
f 335/335 336/336 272/272 271/271
f 272/272 273/273 337/337 336/336
f 336/336 337/337 273/273 272/272
f 273/273 274/274 338/338 337/337
f 337/337 338/338 274/274 273/273
f 274/274 275/275 339/339 338/338
f 338/338 339/339 275/275 274/274
f 275/275 276/276 340/340 339/339
f 339/339 340/340 276/276 275/275
f 276/276 277/277 341/341 340/340
f 340/340 341/341 277/277 276/276
f 277/277 278/278 342/342 341/341
f 341/341 342/342 278/278 277/277
f 278/278 279/279 343/343 342/342
f 342/342 343/343 279/279 278/278
f 279/279 280/280 344/344 343/343
f 343/343 344/344 280/280 279/279
f 280/280 281/281 345/345 344/344
f 344/344 345/345 281/281 280/280
f 281/281 282/282 346/346 345/345
f 345/345 346/346 282/282 281/281
f 282/282 283/283 347/347 346/346
f 346/346 347/347 283/283 282/282
f 283/283 284/284 348/348 347/347
f 347/347 348/348 284/284 283/283
f 284/284 285/285 349/349 348/348
f 348/348 349/349 285/285 284/284
f 285/285 286/286 350/350 349/349
f 349/349 350/350 286/286 285/285
f 286/286 287/287 351/351 350/350
f 350/350 351/351 287/287 286/286
f 287/287 288/288 352/352 351/351
f 351/351 352/352 288/288 287/287
f 288/288 289/289 353/353 352/352
f 352/352 353/353 289/289 288/288
f 289/289 290/290 354/354 353/353
f 353/353 354/354 290/290 289/289
f 290/290 291/291 355/355 354/354
f 354/354 355/355 291/291 290/290
f 291/291 292/292 356/356 355/355
f 355/355 356/356 292/292 291/291
f 292/292 293/293 357/357 356/356
f 356/356 357/357 293/293 292/292
f 293/293 294/294 358/358 357/357
f 357/357 358/358 294/294 293/293
f 294/294 295/295 359/359 358/358
f 358/358 359/359 295/295 294/294
f 295/295 296/296 360/360 359/359
f 359/359 360/360 296/296 295/295
f 296/296 297/297 361/361 360/360
f 360/360 361/361 297/297 296/296
f 297/297 298/298 362/362 361/361
f 361/361 362/362 298/298 297/297
f 298/298 299/299 363/363 362/362
f 362/362 363/363 299/299 298/298
f 299/299 300/300 364/364 363/363
f 363/363 364/364 300/300 299/299
f 300/300 301/301 365/365 364/364
f 364/364 365/365 301/301 300/300
f 301/301 302/302 366/366 365/365
f 365/365 366/366 302/302 301/301
f 302/302 303/303 367/367 366/366
f 366/366 367/367 303/303 302/302
f 303/303 304/304 368/368 367/367
f 367/367 368/368 304/304 303/303
f 304/304 305/305 369/369 368/368
f 368/368 369/369 305/305 304/304
f 305/305 306/306 370/370 369/369
f 369/369 370/370 306/306 305/305
f 306/306 307/307 371/371 370/370
f 370/370 371/371 307/307 306/306
f 307/307 308/308 372/372 371/371
f 371/371 372/372 308/308 307/307
f 308/308 309/309 373/373 372/372
f 372/372 373/373 309/309 308/308
f 309/309 310/310 374/374 373/373
f 373/373 374/374 310/310 309/309
f 310/310 311/311 375/375 374/374
f 374/374 375/375 311/311 310/310
f 311/311 312/312 376/376 375/375
f 375/375 376/376 312/312 311/311
f 312/312 313/313 377/377 376/376
f 376/376 377/377 313/313 312/312
f 313/313 314/314 378/378 377/377
f 377/377 378/378 314/314 313/313
f 314/314 315/315 379/379 378/378
f 378/378 379/379 315/315 314/314
f 315/315 316/316 380/380 379/379
f 379/379 380/380 316/316 315/315
f 316/316 317/317 381/381 380/380
f 380/380 381/381 317/317 316/316
f 317/317 318/318 382/382 381/381
f 381/381 382/382 318/318 317/317
f 318/318 319/319 383/383 382/382
f 382/382 383/383 319/319 318/318
f 319/319 320/320 384/384 383/383
f 383/383 384/384 320/320 319/319
f 320/320 321/321 385/385 384/384
f 384/384 385/385 321/321 320/320
f 321/321 322/322 386/386 385/385
f 385/385 386/386 322/322 321/321
f 322/322 323/323 387/387 386/386
f 386/386 387/387 323/323 322/322
f 323/323 324/324 388/388 387/387
f 387/387 388/388 324/324 323/323
f 324/324 325/325 389/389 388/388
f 388/388 389/389 325/325 324/324
f 325/325 326/326 390/390 389/389
f 389/389 390/390 326/326 325/325
f 326/326 327/327 391/391 390/390
f 390/390 391/391 327/327 326/326
f 327/327 328/328 392/392 391/391
f 391/391 392/392 328/328 327/327
f 328/328 265/265 329/329 392/392
f 392/392 329/329 265/265 328/328
f 329/329 330/330 394/394 393/393
f 393/393 394/394 330/330 329/329
f 330/330 331/331 395/395 394/394
f 394/394 395/395 331/331 330/330
f 331/331 332/332 396/396 395/395
f 395/395 396/396 332/332 331/331
f 332/332 333/333 397/397 396/396
f 396/396 397/397 333/333 332/332
f 333/333 334/334 398/398 397/397
f 397/397 398/398 334/334 333/333
f 334/334 335/335 399/399 398/398
f 398/398 399/399 335/335 334/334
f 335/335 336/336 400/400 399/399
f 399/399 400/400 336/336 335/335
f 336/336 337/337 401/401 400/400
f 400/400 401/401 337/337 336/336
f 337/337 338/338 402/402 401/401
f 401/401 402/402 338/338 337/337
f 338/338 339/339 403/403 402/402
f 402/402 403/403 339/339 338/338
f 339/339 340/340 404/404 403/403
f 403/403 404/404 340/340 339/339
f 340/340 341/341 405/405 404/404
f 404/404 405/405 341/341 340/340
f 341/341 342/342 406/406 405/405
f 405/405 406/406 342/342 341/341
f 342/342 343/343 407/407 406/406
f 406/406 407/407 343/343 342/342
f 343/343 344/344 408/408 407/407
f 407/407 408/408 344/344 343/343
f 344/344 345/345 409/409 408/408
f 408/408 409/409 345/345 344/344
f 345/345 346/346 410/410 409/409
f 409/409 410/410 346/346 345/345
f 346/346 347/347 411/411 410/410
f 410/410 411/411 347/347 346/346
f 347/347 348/348 412/412 411/411
f 411/411 412/412 348/348 347/347
f 348/348 349/349 413/413 412/412
f 412/412 413/413 349/349 348/348
f 349/349 350/350 414/414 413/413
f 413/413 414/414 350/350 349/349
f 350/350 351/351 415/415 414/414
f 414/414 415/415 351/351 350/350
f 351/351 352/352 416/416 415/415
f 415/415 416/416 352/352 351/351
f 352/352 353/353 417/417 416/416
f 416/416 417/417 353/353 352/352
f 353/353 354/354 418/418 417/417
f 417/417 418/418 354/354 353/353
f 354/354 355/355 419/419 418/418
f 418/418 419/419 355/355 354/354
f 355/355 356/356 420/420 419/419
f 419/419 420/420 356/356 355/355
f 356/356 357/357 421/421 420/420
f 420/420 421/421 357/357 356/356
f 357/357 358/358 422/422 421/421
f 421/421 422/422 358/358 357/357
f 358/358 359/359 423/423 422/422
f 422/422 423/423 359/359 358/358
f 359/359 360/360 424/424 423/423
f 423/423 424/424 360/360 359/359
f 360/360 361/361 425/425 424/424
f 424/424 425/425 361/361 360/360
f 361/361 362/362 426/426 425/425
f 425/425 426/426 362/362 361/361
f 362/362 363/363 427/427 426/426
f 426/426 427/427 363/363 362/362
f 363/363 364/364 428/428 427/427
f 427/427 428/428 364/364 363/363
f 364/364 365/365 429/429 428/428
f 428/428 429/429 365/365 364/364
f 365/365 366/366 430/430 429/429
f 429/429 430/430 366/366 365/365
f 366/366 367/367 431/431 430/430
f 430/430 431/431 367/367 366/366
f 367/367 368/368 432/432 431/431
f 431/431 432/432 368/368 367/367
f 368/368 369/369 433/433 432/432
f 432/432 433/433 369/369 368/368
f 369/369 370/370 434/434 433/433
f 433/433 434/434 370/370 369/369
f 370/370 371/371 435/435 434/434
f 434/434 435/435 371/371 370/370
f 371/371 372/372 436/436 435/435
f 435/435 436/436 372/372 371/371
f 372/372 373/373 437/437 436/436
f 436/436 437/437 373/373 372/372
f 373/373 374/374 438/438 437/437
f 437/437 438/438 374/374 373/373
f 374/374 375/375 439/439 438/438
f 438/438 439/439 375/375 374/374
f 375/375 376/376 440/440 439/439
f 439/439 440/440 376/376 375/375
f 376/376 377/377 441/441 440/440
f 440/440 441/441 377/377 376/376
f 377/377 378/378 442/442 441/441
f 441/441 442/442 378/378 377/377
f 378/378 379/379 443/443 442/442
f 442/442 443/443 379/379 378/378
f 379/379 380/380 444/444 443/443
f 443/443 444/444 380/380 379/379
f 380/380 381/381 445/445 444/444
f 444/444 445/445 381/381 380/380
f 381/381 382/382 446/446 445/445
f 445/445 446/446 382/382 381/381
f 382/382 383/383 447/447 446/446
f 446/446 447/447 383/383 382/382
f 383/383 384/384 448/448 447/447
f 447/447 448/448 384/384 383/383
f 384/384 385/385 449/449 448/448
f 448/448 449/449 385/385 384/384
f 385/385 386/386 450/450 449/449
f 449/449 450/450 386/386 385/385
f 386/386 387/387 451/451 450/450
f 450/450 451/451 387/387 386/386
f 387/387 388/388 452/452 451/451
f 451/451 452/452 388/388 387/387
f 388/388 389/389 453/453 452/452
f 452/452 453/453 389/389 388/388
f 389/389 390/390 454/454 453/453
f 453/453 454/454 390/390 389/389
f 390/390 391/391 455/455 454/454
f 454/454 455/455 391/391 390/390
f 391/391 392/392 456/456 455/455
f 455/455 456/456 392/392 391/391
f 392/392 329/329 393/393 456/456
f 456/456 393/393 329/329 392/392
usemtl traffic_orange
f 393/393 394/394 458/458 457/457
f 457/457 458/458 394/394 393/393
f 394/394 395/395 459/459 458/458
f 458/458 459/459 395/395 394/394
f 395/395 396/396 460/460 459/459
f 459/459 460/460 396/396 395/395
f 396/396 397/397 461/461 460/460
f 460/460 461/461 397/397 396/396
f 397/397 398/398 462/462 461/461
f 461/461 462/462 398/398 397/397
f 398/398 399/399 463/463 462/462
f 462/462 463/463 399/399 398/398
f 399/399 400/400 464/464 463/463
f 463/463 464/464 400/400 399/399
f 400/400 401/401 465/465 464/464
f 464/464 465/465 401/401 400/400
f 401/401 402/402 466/466 465/465
f 465/465 466/466 402/402 401/401
f 402/402 403/403 467/467 466/466
f 466/466 467/467 403/403 402/402
f 403/403 404/404 468/468 467/467
f 467/467 468/468 404/404 403/403
f 404/404 405/405 469/469 468/468
f 468/468 469/469 405/405 404/404
f 405/405 406/406 470/470 469/469
f 469/469 470/470 406/406 405/405
f 406/406 407/407 471/471 470/470
f 470/470 471/471 407/407 406/406
f 407/407 408/408 472/472 471/471
f 471/471 472/472 408/408 407/407
f 408/408 409/409 473/473 472/472
f 472/472 473/473 409/409 408/408
f 409/409 410/410 474/474 473/473
f 473/473 474/474 410/410 409/409
f 410/410 411/411 475/475 474/474
f 474/474 475/475 411/411 410/410
f 411/411 412/412 476/476 475/475
f 475/475 476/476 412/412 411/411
f 412/412 413/413 477/477 476/476
f 476/476 477/477 413/413 412/412
f 413/413 414/414 478/478 477/477
f 477/477 478/478 414/414 413/413
f 414/414 415/415 479/479 478/478
f 478/478 479/479 415/415 414/414
f 415/415 416/416 480/480 479/479
f 479/479 480/480 416/416 415/415
f 416/416 417/417 481/481 480/480
f 480/480 481/481 417/417 416/416
f 417/417 418/418 482/482 481/481
f 481/481 482/482 418/418 417/417
f 418/418 419/419 483/483 482/482
f 482/482 483/483 419/419 418/418
f 419/419 420/420 484/484 483/483
f 483/483 484/484 420/420 419/419
f 420/420 421/421 485/485 484/484
f 484/484 485/485 421/421 420/420
f 421/421 422/422 486/486 485/485
f 485/485 486/486 422/422 421/421
f 422/422 423/423 487/487 486/486
f 486/486 487/487 423/423 422/422
f 423/423 424/424 488/488 487/487
f 487/487 488/488 424/424 423/423
f 424/424 425/425 489/489 488/488
f 488/488 489/489 425/425 424/424
f 425/425 426/426 490/490 489/489
f 489/489 490/490 426/426 425/425
f 426/426 427/427 491/491 490/490
f 490/490 491/491 427/427 426/426
f 427/427 428/428 492/492 491/491
f 491/491 492/492 428/428 427/427
f 428/428 429/429 493/493 492/492
f 492/492 493/493 429/429 428/428
f 429/429 430/430 494/494 493/493
f 493/493 494/494 430/430 429/429
f 430/430 431/431 495/495 494/494
f 494/494 495/495 431/431 430/430
f 431/431 432/432 496/496 495/495
f 495/495 496/496 432/432 431/431
f 432/432 433/433 497/497 496/496
f 496/496 497/497 433/433 432/432
f 433/433 434/434 498/498 497/497
f 497/497 498/498 434/434 433/433
f 434/434 435/435 499/499 498/498
f 498/498 499/499 435/435 434/434
f 435/435 436/436 500/500 499/499
f 499/499 500/500 436/436 435/435
f 436/436 437/437 501/501 500/500
f 500/500 501/501 437/437 436/436
f 437/437 438/438 502/502 501/501
f 501/501 502/502 438/438 437/437
f 438/438 439/439 503/503 502/502
f 502/502 503/503 439/439 438/438
f 439/439 440/440 504/504 503/503
f 503/503 504/504 440/440 439/439
f 440/440 441/441 505/505 504/504
f 504/504 505/505 441/441 440/440
f 441/441 442/442 506/506 505/505
f 505/505 506/506 442/442 441/441
f 442/442 443/443 507/507 506/506
f 506/506 507/507 443/443 442/442
f 443/443 444/444 508/508 507/507
f 507/507 508/508 444/444 443/443
f 444/444 445/445 509/509 508/508
f 508/508 509/509 445/445 444/444
f 445/445 446/446 510/510 509/509
f 509/509 510/510 446/446 445/445
f 446/446 447/447 511/511 510/510
f 510/510 511/511 447/447 446/446
f 447/447 448/448 512/512 511/511
f 511/511 512/512 448/448 447/447
f 448/448 449/449 513/513 512/512
f 512/512 513/513 449/449 448/448
f 449/449 450/450 514/514 513/513
f 513/513 514/514 450/450 449/449
f 450/450 451/451 515/515 514/514
f 514/514 515/515 451/451 450/450
f 451/451 452/452 516/516 515/515
f 515/515 516/516 452/452 451/451
f 452/452 453/453 517/517 516/516
f 516/516 517/517 453/453 452/452
f 453/453 454/454 518/518 517/517
f 517/517 518/518 454/454 453/453
f 454/454 455/455 519/519 518/518
f 518/518 519/519 455/455 454/454
f 455/455 456/456 520/520 519/519
f 519/519 520/520 456/456 455/455
f 456/456 393/393 457/457 520/520
f 520/520 457/457 393/393 456/456
f 457/457 458/458 522/522 521/521
f 521/521 522/522 458/458 457/457
f 458/458 459/459 523/523 522/522
f 522/522 523/523 459/459 458/458
f 459/459 460/460 524/524 523/523
f 523/523 524/524 460/460 459/459
f 460/460 461/461 525/525 524/524
f 524/524 525/525 461/461 460/460
f 461/461 462/462 526/526 525/525
f 525/525 526/526 462/462 461/461
f 462/462 463/463 527/527 526/526
f 526/526 527/527 463/463 462/462
f 463/463 464/464 528/528 527/527
f 527/527 528/528 464/464 463/463
f 464/464 465/465 529/529 528/528
f 528/528 529/529 465/465 464/464
f 465/465 466/466 530/530 529/529
f 529/529 530/530 466/466 465/465
f 466/466 467/467 531/531 530/530
f 530/530 531/531 467/467 466/466
f 467/467 468/468 532/532 531/531
f 531/531 532/532 468/468 467/467
f 468/468 469/469 533/533 532/532
f 532/532 533/533 469/469 468/468
f 469/469 470/470 534/534 533/533
f 533/533 534/534 470/470 469/469
f 470/470 471/471 535/535 534/534
f 534/534 535/535 471/471 470/470
f 471/471 472/472 536/536 535/535
f 535/535 536/536 472/472 471/471
f 472/472 473/473 537/537 536/536
f 536/536 537/537 473/473 472/472
f 473/473 474/474 538/538 537/537
f 537/537 538/538 474/474 473/473
f 474/474 475/475 539/539 538/538
f 538/538 539/539 475/475 474/474
f 475/475 476/476 540/540 539/539
f 539/539 540/540 476/476 475/475
f 476/476 477/477 541/541 540/540
f 540/540 541/541 477/477 476/476
f 477/477 478/478 542/542 541/541
f 541/541 542/542 478/478 477/477
f 478/478 479/479 543/543 542/542
f 542/542 543/543 479/479 478/478
f 479/479 480/480 544/544 543/543
f 543/543 544/544 480/480 479/479
f 480/480 481/481 545/545 544/544
f 544/544 545/545 481/481 480/480
f 481/481 482/482 546/546 545/545
f 545/545 546/546 482/482 481/481
f 482/482 483/483 547/547 546/546
f 546/546 547/547 483/483 482/482
f 483/483 484/484 548/548 547/547
f 547/547 548/548 484/484 483/483
f 484/484 485/485 549/549 548/548
f 548/548 549/549 485/485 484/484
f 485/485 486/486 550/550 549/549
f 549/549 550/550 486/486 485/485
f 486/486 487/487 551/551 550/550
f 550/550 551/551 487/487 486/486
f 487/487 488/488 552/552 551/551
f 551/551 552/552 488/488 487/487
f 488/488 489/489 553/553 552/552
f 552/552 553/553 489/489 488/488
f 489/489 490/490 554/554 553/553
f 553/553 554/554 490/490 489/489
f 490/490 491/491 555/555 554/554
f 554/554 555/555 491/491 490/490
f 491/491 492/492 556/556 555/555
f 555/555 556/556 492/492 491/491
f 492/492 493/493 557/557 556/556
f 556/556 557/557 493/493 492/492
f 493/493 494/494 558/558 557/557
f 557/557 558/558 494/494 493/493
f 494/494 495/495 559/559 558/558
f 558/558 559/559 495/495 494/494
f 495/495 496/496 560/560 559/559
f 559/559 560/560 496/496 495/495
f 496/496 497/497 561/561 560/560
f 560/560 561/561 497/497 496/496
f 497/497 498/498 562/562 561/561
f 561/561 562/562 498/498 497/497
f 498/498 499/499 563/563 562/562
f 562/562 563/563 499/499 498/498
f 499/499 500/500 564/564 563/563
f 563/563 564/564 500/500 499/499
f 500/500 501/501 565/565 564/564
f 564/564 565/565 501/501 500/500
f 501/501 502/502 566/566 565/565
f 565/565 566/566 502/502 501/501
f 502/502 503/503 567/567 566/566
f 566/566 567/567 503/503 502/502
f 503/503 504/504 568/568 567/567
f 567/567 568/568 504/504 503/503
f 504/504 505/505 569/569 568/568
f 568/568 569/569 505/505 504/504
f 505/505 506/506 570/570 569/569
f 569/569 570/570 506/506 505/505
f 506/506 507/507 571/571 570/570
f 570/570 571/571 507/507 506/506
f 507/507 508/508 572/572 571/571
f 571/571 572/572 508/508 507/507
f 508/508 509/509 573/573 572/572
f 572/572 573/573 509/509 508/508
f 509/509 510/510 574/574 573/573
f 573/573 574/574 510/510 509/509
f 510/510 511/511 575/575 574/574
f 574/574 575/575 511/511 510/510
f 511/511 512/512 576/576 575/575
f 575/575 576/576 512/512 511/511
f 512/512 513/513 577/577 576/576
f 576/576 577/577 513/513 512/512
f 513/513 514/514 578/578 577/577
f 577/577 578/578 514/514 513/513
f 514/514 515/515 579/579 578/578
f 578/578 579/579 515/515 514/514
f 515/515 516/516 580/580 579/579
f 579/579 580/580 516/516 515/515
f 516/516 517/517 581/581 580/580
f 580/580 581/581 517/517 516/516
f 517/517 518/518 582/582 581/581
f 581/581 582/582 518/518 517/517
f 518/518 519/519 583/583 582/582
f 582/582 583/583 519/519 518/518
f 519/519 520/520 584/584 583/583
f 583/583 584/584 520/520 519/519
f 520/520 457/457 521/521 584/584
f 584/584 521/521 457/457 520/520
usemtl white_stripe
f 521/521 522/522 586/586 585/585
f 585/585 586/586 522/522 521/521
f 522/522 523/523 587/587 586/586
f 586/586 587/587 523/523 522/522
f 523/523 524/524 588/588 587/587
f 587/587 588/588 524/524 523/523
f 524/524 525/525 589/589 588/588
f 588/588 589/589 525/525 524/524
f 525/525 526/526 590/590 589/589
f 589/589 590/590 526/526 525/525
f 526/526 527/527 591/591 590/590
f 590/590 591/591 527/527 526/526
f 527/527 528/528 592/592 591/591
f 591/591 592/592 528/528 527/527
f 528/528 529/529 593/593 592/592
f 592/592 593/593 529/529 528/528
f 529/529 530/530 594/594 593/593
f 593/593 594/594 530/530 529/529
f 530/530 531/531 595/595 594/594
f 594/594 595/595 531/531 530/530
f 531/531 532/532 596/596 595/595
f 595/595 596/596 532/532 531/531
f 532/532 533/533 597/597 596/596
f 596/596 597/597 533/533 532/532
f 533/533 534/534 598/598 597/597
f 597/597 598/598 534/534 533/533
f 534/534 535/535 599/599 598/598
f 598/598 599/599 535/535 534/534
f 535/535 536/536 600/600 599/599
f 599/599 600/600 536/536 535/535
f 536/536 537/537 601/601 600/600
f 600/600 601/601 537/537 536/536
f 537/537 538/538 602/602 601/601
f 601/601 602/602 538/538 537/537
f 538/538 539/539 603/603 602/602
f 602/602 603/603 539/539 538/538
f 539/539 540/540 604/604 603/603
f 603/603 604/604 540/540 539/539
f 540/540 541/541 605/605 604/604
f 604/604 605/605 541/541 540/540
f 541/541 542/542 606/606 605/605
f 605/605 606/606 542/542 541/541
f 542/542 543/543 607/607 606/606
f 606/606 607/607 543/543 542/542
f 543/543 544/544 608/608 607/607
f 607/607 608/608 544/544 543/543
f 544/544 545/545 609/609 608/608
f 608/608 609/609 545/545 544/544
f 545/545 546/546 610/610 609/609
f 609/609 610/610 546/546 545/545
f 546/546 547/547 611/611 610/610
f 610/610 611/611 547/547 546/546
f 547/547 548/548 612/612 611/611
f 611/611 612/612 548/548 547/547
f 548/548 549/549 613/613 612/612
f 612/612 613/613 549/549 548/548
f 549/549 550/550 614/614 613/613
f 613/613 614/614 550/550 549/549
f 550/550 551/551 615/615 614/614
f 614/614 615/615 551/551 550/550
f 551/551 552/552 616/616 615/615
f 615/615 616/616 552/552 551/551
f 552/552 553/553 617/617 616/616
f 616/616 617/617 553/553 552/552
f 553/553 554/554 618/618 617/617
f 617/617 618/618 554/554 553/553
f 554/554 555/555 619/619 618/618
f 618/618 619/619 555/555 554/554
f 555/555 556/556 620/620 619/619
f 619/619 620/620 556/556 555/555
f 556/556 557/557 621/621 620/620
f 620/620 621/621 557/557 556/556
f 557/557 558/558 622/622 621/621
f 621/621 622/622 558/558 557/557
f 558/558 559/559 623/623 622/622
f 622/622 623/623 559/559 558/558
f 559/559 560/560 624/624 623/623
f 623/623 624/624 560/560 559/559
f 560/560 561/561 625/625 624/624
f 624/624 625/625 561/561 560/560
f 561/561 562/562 626/626 625/625
f 625/625 626/626 562/562 561/561
f 562/562 563/563 627/627 626/626
f 626/626 627/627 563/563 562/562
f 563/563 564/564 628/628 627/627
f 627/627 628/628 564/564 563/563
f 564/564 565/565 629/629 628/628
f 628/628 629/629 565/565 564/564
f 565/565 566/566 630/630 629/629
f 629/629 630/630 566/566 565/565
f 566/566 567/567 631/631 630/630
f 630/630 631/631 567/567 566/566
f 567/567 568/568 632/632 631/631
f 631/631 632/632 568/568 567/567
f 568/568 569/569 633/633 632/632
f 632/632 633/633 569/569 568/568
f 569/569 570/570 634/634 633/633
f 633/633 634/634 570/570 569/569
f 570/570 571/571 635/635 634/634
f 634/634 635/635 571/571 570/570
f 571/571 572/572 636/636 635/635
f 635/635 636/636 572/572 571/571
f 572/572 573/573 637/637 636/636
f 636/636 637/637 573/573 572/572
f 573/573 574/574 638/638 637/637
f 637/637 638/638 574/574 573/573
f 574/574 575/575 639/639 638/638
f 638/638 639/639 575/575 574/574
f 575/575 576/576 640/640 639/639
f 639/639 640/640 576/576 575/575
f 576/576 577/577 641/641 640/640
f 640/640 641/641 577/577 576/576
f 577/577 578/578 642/642 641/641
f 641/641 642/642 578/578 577/577
f 578/578 579/579 643/643 642/642
f 642/642 643/643 579/579 578/578
f 579/579 580/580 644/644 643/643
f 643/643 644/644 580/580 579/579
f 580/580 581/581 645/645 644/644
f 644/644 645/645 581/581 580/580
f 581/581 582/582 646/646 645/645
f 645/645 646/646 582/582 581/581
f 582/582 583/583 647/647 646/646
f 646/646 647/647 583/583 582/582
f 583/583 584/584 648/648 647/647
f 647/647 648/648 584/584 583/583
f 584/584 521/521 585/585 648/648
f 648/648 585/585 521/521 584/584
f 585/585 586/586 650/650 649/649
f 649/649 650/650 586/586 585/585
f 586/586 587/587 651/651 650/650
f 650/650 651/651 587/587 586/586
f 587/587 588/588 652/652 651/651
f 651/651 652/652 588/588 587/587
f 588/588 589/589 653/653 652/652
f 652/652 653/653 589/589 588/588
f 589/589 590/590 654/654 653/653
f 653/653 654/654 590/590 589/589
f 590/590 591/591 655/655 654/654
f 654/654 655/655 591/591 590/590
f 591/591 592/592 656/656 655/655
f 655/655 656/656 592/592 591/591
f 592/592 593/593 657/657 656/656
f 656/656 657/657 593/593 592/592
f 593/593 594/594 658/658 657/657
f 657/657 658/658 594/594 593/593
f 594/594 595/595 659/659 658/658
f 658/658 659/659 595/595 594/594
f 595/595 596/596 660/660 659/659
f 659/659 660/660 596/596 595/595
f 596/596 597/597 661/661 660/660
f 660/660 661/661 597/597 596/596
f 597/597 598/598 662/662 661/661
f 661/661 662/662 598/598 597/597
f 598/598 599/599 663/663 662/662
f 662/662 663/663 599/599 598/598
f 599/599 600/600 664/664 663/663
f 663/663 664/664 600/600 599/599
f 600/600 601/601 665/665 664/664
f 664/664 665/665 601/601 600/600
f 601/601 602/602 666/666 665/665
f 665/665 666/666 602/602 601/601
f 602/602 603/603 667/667 666/666
f 666/666 667/667 603/603 602/602
f 603/603 604/604 668/668 667/667
f 667/667 668/668 604/604 603/603
f 604/604 605/605 669/669 668/668
f 668/668 669/669 605/605 604/604
f 605/605 606/606 670/670 669/669
f 669/669 670/670 606/606 605/605
f 606/606 607/607 671/671 670/670
f 670/670 671/671 607/607 606/606
f 607/607 608/608 672/672 671/671
f 671/671 672/672 608/608 607/607
f 608/608 609/609 673/673 672/672
f 672/672 673/673 609/609 608/608
f 609/609 610/610 674/674 673/673
f 673/673 674/674 610/610 609/609
f 610/610 611/611 675/675 674/674
f 674/674 675/675 611/611 610/610
f 611/611 612/612 676/676 675/675
f 675/675 676/676 612/612 611/611
f 612/612 613/613 677/677 676/676
f 676/676 677/677 613/613 612/612
f 613/613 614/614 678/678 677/677
f 677/677 678/678 614/614 613/613
f 614/614 615/615 679/679 678/678
f 678/678 679/679 615/615 614/614
f 615/615 616/616 680/680 679/679
f 679/679 680/680 616/616 615/615
f 616/616 617/617 681/681 680/680
f 680/680 681/681 617/617 616/616
f 617/617 618/618 682/682 681/681
f 681/681 682/682 618/618 617/617
f 618/618 619/619 683/683 682/682
f 682/682 683/683 619/619 618/618
f 619/619 620/620 684/684 683/683
f 683/683 684/684 620/620 619/619
f 620/620 621/621 685/685 684/684
f 684/684 685/685 621/621 620/620
f 621/621 622/622 686/686 685/685
f 685/685 686/686 622/622 621/621
f 622/622 623/623 687/687 686/686
f 686/686 687/687 623/623 622/622
f 623/623 624/624 688/688 687/687
f 687/687 688/688 624/624 623/623
f 624/624 625/625 689/689 688/688
f 688/688 689/689 625/625 624/624
f 625/625 626/626 690/690 689/689
f 689/689 690/690 626/626 625/625
f 626/626 627/627 691/691 690/690
f 690/690 691/691 627/627 626/626
f 627/627 628/628 692/692 691/691
f 691/691 692/692 628/628 627/627
f 628/628 629/629 693/693 692/692
f 692/692 693/693 629/629 628/628
f 629/629 630/630 694/694 693/693
f 693/693 694/694 630/630 629/629
f 630/630 631/631 695/695 694/694
f 694/694 695/695 631/631 630/630
f 631/631 632/632 696/696 695/695
f 695/695 696/696 632/632 631/631
f 632/632 633/633 697/697 696/696
f 696/696 697/697 633/633 632/632
f 633/633 634/634 698/698 697/697
f 697/697 698/698 634/634 633/633
f 634/634 635/635 699/699 698/698
f 698/698 699/699 635/635 634/634
f 635/635 636/636 700/700 699/699
f 699/699 700/700 636/636 635/635
f 636/636 637/637 701/701 700/700
f 700/700 701/701 637/637 636/636
f 637/637 638/638 702/702 701/701
f 701/701 702/702 638/638 637/637
f 638/638 639/639 703/703 702/702
f 702/702 703/703 639/639 638/638
f 639/639 640/640 704/704 703/703
f 703/703 704/704 640/640 639/639
f 640/640 641/641 705/705 704/704
f 704/704 705/705 641/641 640/640
f 641/641 642/642 706/706 705/705
f 705/705 706/706 642/642 641/641
f 642/642 643/643 707/707 706/706
f 706/706 707/707 643/643 642/642
f 643/643 644/644 708/708 707/707
f 707/707 708/708 644/644 643/643
f 644/644 645/645 709/709 708/708
f 708/708 709/709 645/645 644/644
f 645/645 646/646 710/710 709/709
f 709/709 710/710 646/646 645/645
f 646/646 647/647 711/711 710/710
f 710/710 711/711 647/647 646/646
f 647/647 648/648 712/712 711/711
f 711/711 712/712 648/648 647/647
f 648/648 585/585 649/649 712/712
f 712/712 649/649 585/585 648/648
usemtl traffic_orange
f 649/649 650/650 714/714 713/713
f 713/713 714/714 650/650 649/649
f 650/650 651/651 715/715 714/714
f 714/714 715/715 651/651 650/650
f 651/651 652/652 716/716 715/715
f 715/715 716/716 652/652 651/651
f 652/652 653/653 717/717 716/716
f 716/716 717/717 653/653 652/652
f 653/653 654/654 718/718 717/717
f 717/717 718/718 654/654 653/653
f 654/654 655/655 719/719 718/718
f 718/718 719/719 655/655 654/654
f 655/655 656/656 720/720 719/719
f 719/719 720/720 656/656 655/655
f 656/656 657/657 721/721 720/720
f 720/720 721/721 657/657 656/656
f 657/657 658/658 722/722 721/721
f 721/721 722/722 658/658 657/657
f 658/658 659/659 723/723 722/722
f 722/722 723/723 659/659 658/658
f 659/659 660/660 724/724 723/723
f 723/723 724/724 660/660 659/659
f 660/660 661/661 725/725 724/724
f 724/724 725/725 661/661 660/660
f 661/661 662/662 726/726 725/725
f 725/725 726/726 662/662 661/661
f 662/662 663/663 727/727 726/726
f 726/726 727/727 663/663 662/662
f 663/663 664/664 728/728 727/727
f 727/727 728/728 664/664 663/663
f 664/664 665/665 729/729 728/728
f 728/728 729/729 665/665 664/664
f 665/665 666/666 730/730 729/729
f 729/729 730/730 666/666 665/665
f 666/666 667/667 731/731 730/730
f 730/730 731/731 667/667 666/666
f 667/667 668/668 732/732 731/731
f 731/731 732/732 668/668 667/667
f 668/668 669/669 733/733 732/732
f 732/732 733/733 669/669 668/668
f 669/669 670/670 734/734 733/733
f 733/733 734/734 670/670 669/669
f 670/670 671/671 735/735 734/734
f 734/734 735/735 671/671 670/670
f 671/671 672/672 736/736 735/735
f 735/735 736/736 672/672 671/671
f 672/672 673/673 737/737 736/736
f 736/736 737/737 673/673 672/672
f 673/673 674/674 738/738 737/737
f 737/737 738/738 674/674 673/673
f 674/674 675/675 739/739 738/738
f 738/738 739/739 675/675 674/674
f 675/675 676/676 740/740 739/739
f 739/739 740/740 676/676 675/675
f 676/676 677/677 741/741 740/740
f 740/740 741/741 677/677 676/676
f 677/677 678/678 742/742 741/741
f 741/741 742/742 678/678 677/677
f 678/678 679/679 743/743 742/742
f 742/742 743/743 679/679 678/678
f 679/679 680/680 744/744 743/743
f 743/743 744/744 680/680 679/679
f 680/680 681/681 745/745 744/744
f 744/744 745/745 681/681 680/680
f 681/681 682/682 746/746 745/745
f 745/745 746/746 682/682 681/681
f 682/682 683/683 747/747 746/746
f 746/746 747/747 683/683 682/682
f 683/683 684/684 748/748 747/747
f 747/747 748/748 684/684 683/683
f 684/684 685/685 749/749 748/748
f 748/748 749/749 685/685 684/684
f 685/685 686/686 750/750 749/749
f 749/749 750/750 686/686 685/685
f 686/686 687/687 751/751 750/750
f 750/750 751/751 687/687 686/686
f 687/687 688/688 752/752 751/751
f 751/751 752/752 688/688 687/687
f 688/688 689/689 753/753 752/752
f 752/752 753/753 689/689 688/688
f 689/689 690/690 754/754 753/753
f 753/753 754/754 690/690 689/689
f 690/690 691/691 755/755 754/754
f 754/754 755/755 691/691 690/690
f 691/691 692/692 756/756 755/755
f 755/755 756/756 692/692 691/691
f 692/692 693/693 757/757 756/756
f 756/756 757/757 693/693 692/692
f 693/693 694/694 758/758 757/757
f 757/757 758/758 694/694 693/693
f 694/694 695/695 759/759 758/758
f 758/758 759/759 695/695 694/694
f 695/695 696/696 760/760 759/759
f 759/759 760/760 696/696 695/695
f 696/696 697/697 761/761 760/760
f 760/760 761/761 697/697 696/696
f 697/697 698/698 762/762 761/761
f 761/761 762/762 698/698 697/697
f 698/698 699/699 763/763 762/762
f 762/762 763/763 699/699 698/698
f 699/699 700/700 764/764 763/763
f 763/763 764/764 700/700 699/699
f 700/700 701/701 765/765 764/764
f 764/764 765/765 701/701 700/700
f 701/701 702/702 766/766 765/765
f 765/765 766/766 702/702 701/701
f 702/702 703/703 767/767 766/766
f 766/766 767/767 703/703 702/702
f 703/703 704/704 768/768 767/767
f 767/767 768/768 704/704 703/703
f 704/704 705/705 769/769 768/768
f 768/768 769/769 705/705 704/704
f 705/705 706/706 770/770 769/769
f 769/769 770/770 706/706 705/705
f 706/706 707/707 771/771 770/770
f 770/770 771/771 707/707 706/706
f 707/707 708/708 772/772 771/771
f 771/771 772/772 708/708 707/707
f 708/708 709/709 773/773 772/772
f 772/772 773/773 709/709 708/708
f 709/709 710/710 774/774 773/773
f 773/773 774/774 710/710 709/709
f 710/710 711/711 775/775 774/774
f 774/774 775/775 711/711 710/710
f 711/711 712/712 776/776 775/775
f 775/775 776/776 712/712 711/711
f 712/712 649/649 713/713 776/776
f 776/776 713/713 649/649 712/712
f 713/713 714/714 778/778 777/777
f 777/777 778/778 714/714 713/713
f 714/714 715/715 779/779 778/778
f 778/778 779/779 715/715 714/714
f 715/715 716/716 780/780 779/779
f 779/779 780/780 716/716 715/715
f 716/716 717/717 781/781 780/780
f 780/780 781/781 717/717 716/716
f 717/717 718/718 782/782 781/781
f 781/781 782/782 718/718 717/717
f 718/718 719/719 783/783 782/782
f 782/782 783/783 719/719 718/718
f 719/719 720/720 784/784 783/783
f 783/783 784/784 720/720 719/719
f 720/720 721/721 785/785 784/784
f 784/784 785/785 721/721 720/720
f 721/721 722/722 786/786 785/785
f 785/785 786/786 722/722 721/721
f 722/722 723/723 787/787 786/786
f 786/786 787/787 723/723 722/722
f 723/723 724/724 788/788 787/787
f 787/787 788/788 724/724 723/723
f 724/724 725/725 789/789 788/788
f 788/788 789/789 725/725 724/724
f 725/725 726/726 790/790 789/789
f 789/789 790/790 726/726 725/725
f 726/726 727/727 791/791 790/790
f 790/790 791/791 727/727 726/726
f 727/727 728/728 792/792 791/791
f 791/791 792/792 728/728 727/727
f 728/728 729/729 793/793 792/792
f 792/792 793/793 729/729 728/728
f 729/729 730/730 794/794 793/793
f 793/793 794/794 730/730 729/729
f 730/730 731/731 795/795 794/794
f 794/794 795/795 731/731 730/730
f 731/731 732/732 796/796 795/795
f 795/795 796/796 732/732 731/731
f 732/732 733/733 797/797 796/796
f 796/796 797/797 733/733 732/732
f 733/733 734/734 798/798 797/797
f 797/797 798/798 734/734 733/733
f 734/734 735/735 799/799 798/798
f 798/798 799/799 735/735 734/734
f 735/735 736/736 800/800 799/799
f 799/799 800/800 736/736 735/735
f 736/736 737/737 801/801 800/800
f 800/800 801/801 737/737 736/736
f 737/737 738/738 802/802 801/801
f 801/801 802/802 738/738 737/737
f 738/738 739/739 803/803 802/802
f 802/802 803/803 739/739 738/738
f 739/739 740/740 804/804 803/803
f 803/803 804/804 740/740 739/739
f 740/740 741/741 805/805 804/804
f 804/804 805/805 741/741 740/740
f 741/741 742/742 806/806 805/805
f 805/805 806/806 742/742 741/741
f 742/742 743/743 807/807 806/806
f 806/806 807/807 743/743 742/742
f 743/743 744/744 808/808 807/807
f 807/807 808/808 744/744 743/743
f 744/744 745/745 809/809 808/808
f 808/808 809/809 745/745 744/744
f 745/745 746/746 810/810 809/809
f 809/809 810/810 746/746 745/745
f 746/746 747/747 811/811 810/810
f 810/810 811/811 747/747 746/746
f 747/747 748/748 812/812 811/811
f 811/811 812/812 748/748 747/747
f 748/748 749/749 813/813 812/812
f 812/812 813/813 749/749 748/748
f 749/749 750/750 814/814 813/813
f 813/813 814/814 750/750 749/749
f 750/750 751/751 815/815 814/814
f 814/814 815/815 751/751 750/750
f 751/751 752/752 816/816 815/815
f 815/815 816/816 752/752 751/751
f 752/752 753/753 817/817 816/816
f 816/816 817/817 753/753 752/752
f 753/753 754/754 818/818 817/817
f 817/817 818/818 754/754 753/753
f 754/754 755/755 819/819 818/818
f 818/818 819/819 755/755 754/754
f 755/755 756/756 820/820 819/819
f 819/819 820/820 756/756 755/755
f 756/756 757/757 821/821 820/820
f 820/820 821/821 757/757 756/756
f 757/757 758/758 822/822 821/821
f 821/821 822/822 758/758 757/757
f 758/758 759/759 823/823 822/822
f 822/822 823/823 759/759 758/758
f 759/759 760/760 824/824 823/823
f 823/823 824/824 760/760 759/759
f 760/760 761/761 825/825 824/824
f 824/824 825/825 761/761 760/760
f 761/761 762/762 826/826 825/825
f 825/825 826/826 762/762 761/761
f 762/762 763/763 827/827 826/826
f 826/826 827/827 763/763 762/762
f 763/763 764/764 828/828 827/827
f 827/827 828/828 764/764 763/763
f 764/764 765/765 829/829 828/828
f 828/828 829/829 765/765 764/764
f 765/765 766/766 830/830 829/829
f 829/829 830/830 766/766 765/765
f 766/766 767/767 831/831 830/830
f 830/830 831/831 767/767 766/766
f 767/767 768/768 832/832 831/831
f 831/831 832/832 768/768 767/767
f 768/768 769/769 833/833 832/832
f 832/832 833/833 769/769 768/768
f 769/769 770/770 834/834 833/833
f 833/833 834/834 770/770 769/769
f 770/770 771/771 835/835 834/834
f 834/834 835/835 771/771 770/770
f 771/771 772/772 836/836 835/835
f 835/835 836/836 772/772 771/771
f 772/772 773/773 837/837 836/836
f 836/836 837/837 773/773 772/772
f 773/773 774/774 838/838 837/837
f 837/837 838/838 774/774 773/773
f 774/774 775/775 839/839 838/838
f 838/838 839/839 775/775 774/774
f 775/775 776/776 840/840 839/839
f 839/839 840/840 776/776 775/775
f 776/776 713/713 777/777 840/840
f 840/840 777/777 713/713 776/776
f 777/777 778/778 842/842 841/841
f 841/841 842/842 778/778 777/777
f 778/778 779/779 843/843 842/842
f 842/842 843/843 779/779 778/778
f 779/779 780/780 844/844 843/843
f 843/843 844/844 780/780 779/779
f 780/780 781/781 845/845 844/844
f 844/844 845/845 781/781 780/780
f 781/781 782/782 846/846 845/845
f 845/845 846/846 782/782 781/781
f 782/782 783/783 847/847 846/846
f 846/846 847/847 783/783 782/782
f 783/783 784/784 848/848 847/847
f 847/847 848/848 784/784 783/783
f 784/784 785/785 849/849 848/848
f 848/848 849/849 785/785 784/784
f 785/785 786/786 850/850 849/849
f 849/849 850/850 786/786 785/785
f 786/786 787/787 851/851 850/850
f 850/850 851/851 787/787 786/786
f 787/787 788/788 852/852 851/851
f 851/851 852/852 788/788 787/787
f 788/788 789/789 853/853 852/852
f 852/852 853/853 789/789 788/788
f 789/789 790/790 854/854 853/853
f 853/853 854/854 790/790 789/789
f 790/790 791/791 855/855 854/854
f 854/854 855/855 791/791 790/790
f 791/791 792/792 856/856 855/855
f 855/855 856/856 792/792 791/791
f 792/792 793/793 857/857 856/856
f 856/856 857/857 793/793 792/792
f 793/793 794/794 858/858 857/857
f 857/857 858/858 794/794 793/793
f 794/794 795/795 859/859 858/858
f 858/858 859/859 795/795 794/794
f 795/795 796/796 860/860 859/859
f 859/859 860/860 796/796 795/795
f 796/796 797/797 861/861 860/860
f 860/860 861/861 797/797 796/796
f 797/797 798/798 862/862 861/861
f 861/861 862/862 798/798 797/797
f 798/798 799/799 863/863 862/862
f 862/862 863/863 799/799 798/798
f 799/799 800/800 864/864 863/863
f 863/863 864/864 800/800 799/799
f 800/800 801/801 865/865 864/864
f 864/864 865/865 801/801 800/800
f 801/801 802/802 866/866 865/865
f 865/865 866/866 802/802 801/801
f 802/802 803/803 867/867 866/866
f 866/866 867/867 803/803 802/802
f 803/803 804/804 868/868 867/867
f 867/867 868/868 804/804 803/803
f 804/804 805/805 869/869 868/868
f 868/868 869/869 805/805 804/804
f 805/805 806/806 870/870 869/869
f 869/869 870/870 806/806 805/805
f 806/806 807/807 871/871 870/870
f 870/870 871/871 807/807 806/806
f 807/807 808/808 872/872 871/871
f 871/871 872/872 808/808 807/807
f 808/808 809/809 873/873 872/872
f 872/872 873/873 809/809 808/808
f 809/809 810/810 874/874 873/873
f 873/873 874/874 810/810 809/809
f 810/810 811/811 875/875 874/874
f 874/874 875/875 811/811 810/810
f 811/811 812/812 876/876 875/875
f 875/875 876/876 812/812 811/811
f 812/812 813/813 877/877 876/876
f 876/876 877/877 813/813 812/812
f 813/813 814/814 878/878 877/877
f 877/877 878/878 814/814 813/813
f 814/814 815/815 879/879 878/878
f 878/878 879/879 815/815 814/814
f 815/815 816/816 880/880 879/879
f 879/879 880/880 816/816 815/815
f 816/816 817/817 881/881 880/880
f 880/880 881/881 817/817 816/816
f 817/817 818/818 882/882 881/881
f 881/881 882/882 818/818 817/817
f 818/818 819/819 883/883 882/882
f 882/882 883/883 819/819 818/818
f 819/819 820/820 884/884 883/883
f 883/883 884/884 820/820 819/819
f 820/820 821/821 885/885 884/884
f 884/884 885/885 821/821 820/820
f 821/821 822/822 886/886 885/885
f 885/885 886/886 822/822 821/821
f 822/822 823/823 887/887 886/886
f 886/886 887/887 823/823 822/822
f 823/823 824/824 888/888 887/887
f 887/887 888/888 824/824 823/823
f 824/824 825/825 889/889 888/888
f 888/888 889/889 825/825 824/824
f 825/825 826/826 890/890 889/889
f 889/889 890/890 826/826 825/825
f 826/826 827/827 891/891 890/890
f 890/890 891/891 827/827 826/826
f 827/827 828/828 892/892 891/891
f 891/891 892/892 828/828 827/827
f 828/828 829/829 893/893 892/892
f 892/892 893/893 829/829 828/828
f 829/829 830/830 894/894 893/893
f 893/893 894/894 830/830 829/829
f 830/830 831/831 895/895 894/894
f 894/894 895/895 831/831 830/830
f 831/831 832/832 896/896 895/895
f 895/895 896/896 832/832 831/831
f 832/832 833/833 897/897 896/896
f 896/896 897/897 833/833 832/832
f 833/833 834/834 898/898 897/897
f 897/897 898/898 834/834 833/833
f 834/834 835/835 899/899 898/898
f 898/898 899/899 835/835 834/834
f 835/835 836/836 900/900 899/899
f 899/899 900/900 836/836 835/835
f 836/836 837/837 901/901 900/900
f 900/900 901/901 837/837 836/836
f 837/837 838/838 902/902 901/901
f 901/901 902/902 838/838 837/837
f 838/838 839/839 903/903 902/902
f 902/902 903/903 839/839 838/838
f 839/839 840/840 904/904 903/903
f 903/903 904/904 840/840 839/839
f 840/840 777/777 841/841 904/904
f 904/904 841/841 777/777 840/840
f 905/905 137/137 138/138
f 138/138 137/137 905/905
f 905/905 138/138 139/139
f 139/139 138/138 905/905
f 905/905 139/139 140/140
f 140/140 139/139 905/905
f 905/905 140/140 141/141
f 141/141 140/140 905/905
f 905/905 141/141 142/142
f 142/142 141/141 905/905
f 905/905 142/142 143/143
f 143/143 142/142 905/905
f 905/905 143/143 144/144
f 144/144 143/143 905/905
f 905/905 144/144 145/145
f 145/145 144/144 905/905
f 905/905 145/145 146/146
f 146/146 145/145 905/905
f 905/905 146/146 147/147
f 147/147 146/146 905/905
f 905/905 147/147 148/148
f 148/148 147/147 905/905
f 905/905 148/148 149/149
f 149/149 148/148 905/905
f 905/905 149/149 150/150
f 150/150 149/149 905/905
f 905/905 150/150 151/151
f 151/151 150/150 905/905
f 905/905 151/151 152/152
f 152/152 151/151 905/905
f 905/905 152/152 153/153
f 153/153 152/152 905/905
f 905/905 153/153 154/154
f 154/154 153/153 905/905
f 905/905 154/154 155/155
f 155/155 154/154 905/905
f 905/905 155/155 156/156
f 156/156 155/155 905/905
f 905/905 156/156 157/157
f 157/157 156/156 905/905
f 905/905 157/157 158/158
f 158/158 157/157 905/905
f 905/905 158/158 159/159
f 159/159 158/158 905/905
f 905/905 159/159 160/160
f 160/160 159/159 905/905
f 905/905 160/160 161/161
f 161/161 160/160 905/905
f 905/905 161/161 162/162
f 162/162 161/161 905/905
f 905/905 162/162 163/163
f 163/163 162/162 905/905
f 905/905 163/163 164/164
f 164/164 163/163 905/905
f 905/905 164/164 165/165
f 165/165 164/164 905/905
f 905/905 165/165 166/166
f 166/166 165/165 905/905
f 905/905 166/166 167/167
f 167/167 166/166 905/905
f 905/905 167/167 168/168
f 168/168 167/167 905/905
f 905/905 168/168 169/169
f 169/169 168/168 905/905
f 905/905 169/169 170/170
f 170/170 169/169 905/905
f 905/905 170/170 171/171
f 171/171 170/170 905/905
f 905/905 171/171 172/172
f 172/172 171/171 905/905
f 905/905 172/172 173/173
f 173/173 172/172 905/905
f 905/905 173/173 174/174
f 174/174 173/173 905/905
f 905/905 174/174 175/175
f 175/175 174/174 905/905
f 905/905 175/175 176/176
f 176/176 175/175 905/905
f 905/905 176/176 177/177
f 177/177 176/176 905/905
f 905/905 177/177 178/178
f 178/178 177/177 905/905
f 905/905 178/178 179/179
f 179/179 178/178 905/905
f 905/905 179/179 180/180
f 180/180 179/179 905/905
f 905/905 180/180 181/181
f 181/181 180/180 905/905
f 905/905 181/181 182/182
f 182/182 181/181 905/905
f 905/905 182/182 183/183
f 183/183 182/182 905/905
f 905/905 183/183 184/184
f 184/184 183/183 905/905
f 905/905 184/184 185/185
f 185/185 184/184 905/905
f 905/905 185/185 186/186
f 186/186 185/185 905/905
f 905/905 186/186 187/187
f 187/187 186/186 905/905
f 905/905 187/187 188/188
f 188/188 187/187 905/905
f 905/905 188/188 189/189
f 189/189 188/188 905/905
f 905/905 189/189 190/190
f 190/190 189/189 905/905
f 905/905 190/190 191/191
f 191/191 190/190 905/905
f 905/905 191/191 192/192
f 192/192 191/191 905/905
f 905/905 192/192 193/193
f 193/193 192/192 905/905
f 905/905 193/193 194/194
f 194/194 193/193 905/905
f 905/905 194/194 195/195
f 195/195 194/194 905/905
f 905/905 195/195 196/196
f 196/196 195/195 905/905
f 905/905 196/196 197/197
f 197/197 196/196 905/905
f 905/905 197/197 198/198
f 198/198 197/197 905/905
f 905/905 198/198 199/199
f 199/199 198/198 905/905
f 905/905 199/199 200/200
f 200/200 199/199 905/905
f 905/905 200/200 137/137
f 137/137 200/200 905/905
f 906/906 841/841 842/842
f 842/842 841/841 906/906
f 906/906 842/842 843/843
f 843/843 842/842 906/906
f 906/906 843/843 844/844
f 844/844 843/843 906/906
f 906/906 844/844 845/845
f 845/845 844/844 906/906
f 906/906 845/845 846/846
f 846/846 845/845 906/906
f 906/906 846/846 847/847
f 847/847 846/846 906/906
f 906/906 847/847 848/848
f 848/848 847/847 906/906
f 906/906 848/848 849/849
f 849/849 848/848 906/906
f 906/906 849/849 850/850
f 850/850 849/849 906/906
f 906/906 850/850 851/851
f 851/851 850/850 906/906
f 906/906 851/851 852/852
f 852/852 851/851 906/906
f 906/906 852/852 853/853
f 853/853 852/852 906/906
f 906/906 853/853 854/854
f 854/854 853/853 906/906
f 906/906 854/854 855/855
f 855/855 854/854 906/906
f 906/906 855/855 856/856
f 856/856 855/855 906/906
f 906/906 856/856 857/857
f 857/857 856/856 906/906
f 906/906 857/857 858/858
f 858/858 857/857 906/906
f 906/906 858/858 859/859
f 859/859 858/858 906/906
f 906/906 859/859 860/860
f 860/860 859/859 906/906
f 906/906 860/860 861/861
f 861/861 860/860 906/906
f 906/906 861/861 862/862
f 862/862 861/861 906/906
f 906/906 862/862 863/863
f 863/863 862/862 906/906
f 906/906 863/863 864/864
f 864/864 863/863 906/906
f 906/906 864/864 865/865
f 865/865 864/864 906/906
f 906/906 865/865 866/866
f 866/866 865/865 906/906
f 906/906 866/866 867/867
f 867/867 866/866 906/906
f 906/906 867/867 868/868
f 868/868 867/867 906/906
f 906/906 868/868 869/869
f 869/869 868/868 906/906
f 906/906 869/869 870/870
f 870/870 869/869 906/906
f 906/906 870/870 871/871
f 871/871 870/870 906/906
f 906/906 871/871 872/872
f 872/872 871/871 906/906
f 906/906 872/872 873/873
f 873/873 872/872 906/906
f 906/906 873/873 874/874
f 874/874 873/873 906/906
f 906/906 874/874 875/875
f 875/875 874/874 906/906
f 906/906 875/875 876/876
f 876/876 875/875 906/906
f 906/906 876/876 877/877
f 877/877 876/876 906/906
f 906/906 877/877 878/878
f 878/878 877/877 906/906
f 906/906 878/878 879/879
f 879/879 878/878 906/906
f 906/906 879/879 880/880
f 880/880 879/879 906/906
f 906/906 880/880 881/881
f 881/881 880/880 906/906
f 906/906 881/881 882/882
f 882/882 881/881 906/906
f 906/906 882/882 883/883
f 883/883 882/882 906/906
f 906/906 883/883 884/884
f 884/884 883/883 906/906
f 906/906 884/884 885/885
f 885/885 884/884 906/906
f 906/906 885/885 886/886
f 886/886 885/885 906/906
f 906/906 886/886 887/887
f 887/887 886/886 906/906
f 906/906 887/887 888/888
f 888/888 887/887 906/906
f 906/906 888/888 889/889
f 889/889 888/888 906/906
f 906/906 889/889 890/890
f 890/890 889/889 906/906
f 906/906 890/890 891/891
f 891/891 890/890 906/906
f 906/906 891/891 892/892
f 892/892 891/891 906/906
f 906/906 892/892 893/893
f 893/893 892/892 906/906
f 906/906 893/893 894/894
f 894/894 893/893 906/906
f 906/906 894/894 895/895
f 895/895 894/894 906/906
f 906/906 895/895 896/896
f 896/896 895/895 906/906
f 906/906 896/896 897/897
f 897/897 896/896 906/906
f 906/906 897/897 898/898
f 898/898 897/897 906/906
f 906/906 898/898 899/899
f 899/899 898/898 906/906
f 906/906 899/899 900/900
f 900/900 899/899 906/906
f 906/906 900/900 901/901
f 901/901 900/900 906/906
f 906/906 901/901 902/902
f 902/902 901/901 906/906
f 906/906 902/902 903/903
f 903/903 902/902 906/906
f 906/906 903/903 904/904
f 904/904 903/903 906/906
f 906/906 904/904 841/841
f 841/841 904/904 906/906
